Locality,count
'S GRAVENWEZEL,1
'S-GRAVENWEZEL,8
's Gravenbrakel,1
's Gravenwezel,6
's-Gravenwezel,4
8420 - De Haan,1
AALST,27
AALTER,1
AARTSELAAR,7
ACHÊNE,1
ADINKERKE,4
AGIMONT,1
AHIN,3
AISCHE-EN-REFAIL,3
AISEAU,2
ALLE-SUR-SEMOIS,1
AMAY,5
AMONINES,3
AMPSIN,6
ANDENNE,7
ANDERLECHT,87
ANDERLUES,3
ANGLEUR,1
ANGRE,3
ANHÉE,2
ANLOY,2
ANNEVOIE-ROUILLON,1
ANS,8
ANSEREMME,1
ANSEROEUL,3
ANTHEIT,8
ANTWERPEN,146
ANTWERPEN 2000,7
ANTWERPEN 2018,7
ANTWERPEN 2050,5
ANTWERPEN 2060,1
ARBREFONTAINE,1
ARCHENNES,2
ARENDONK,3
ARLON,49
ARSIMONT,1
ASPELARE,1
ASPER,1
ASSEBROEK,2
ASTENE,22
ATH,2
ATHUS,15
ATTERT,5
ATTRE,1
AUBANGE,14
AUBY-SUR-SEMOIS,1
AUDERGHEM,5
AULNOIS,4
AUTRE-ÉGLISE,1
AUTREPPE,1
AUVELAIS,26
AVENNES,1
AVERBODE,2
AVERNAS-LE-BAUDUIN,1
AWAGNE,1
AWANS,2
AYWAILLE,1
Aaigem,1
Aalbeke,10
Aalst,229
Aalst ( Meldert ),1
Aalst (9300),42
Aalst (Moorsel),2
Aalst (Nieuwerkerken),1
Aalst Erembodegem,11
Aalst Herdersem,5
Aalst Hofstade,5
Aalst Meldert,4
Aalst Moorsel,2
Aalst Nieuwerkerken,3
Aalter,58
Aalter (Knesselare),1
Aalter Lotenhulle,1
Aarschot,67
Aarschot Rillaar,1
Aarsele,8
Aartrijke,13
Aartselaar,64
Aat,2
Achel,1
Achet,1
Adegem,15
Adinkerke,5
Affligem,50
Affligem Hekelgem,4
Agimont,1
Aiseau,2
Aiseau Presles,1
Aiseau-Presles,13
Aiseau-Presles Roselies,1
Alken,9
Alleur,13
Alost,3
Alsemberg,13
Alsemberg (Beersel),1
Alveringem,16
Amay,39
Amay Ampsin,2
Amay Ombret,1
Amblève,5
Amonine,1
Amougies,4
Andenne,39
Andenne Coutisse,1
Anderlecht,500
Anderlecht-Ring West,1
Anderlues,40
Andrimont,13
Angleur,18
Angre,4
Angreau,1
Anhee,1
Anhée,6
Annevoie-Rouillon,1
Ans,72
Ans Alleur,1
Ans Loncin,1
Anseremme,1
Anthisnes,2
Antoing,14
Antoing Fontenoy,1
Antwerp,1072
Antwerp 1,4
Antwerp 2,1
Antwerp 5,1
Antwerpen,489
Antwerpen (2000),46
Antwerpen (2018),21
Antwerpen (2020),13
Antwerpen (2050),10
Antwerpen (2060),23
Antwerpen 1,17
Antwerpen 2,4
Antwerpen 4,1
Antwerpen 6,9
Antwerpen Berchem,26
Antwerpen Berendrecht-Zandvliet-Lillo,1
"Antwerpen Berendrecht-Zandvliet-Lillo, Zandvliet",1
Antwerpen Borgerhout,24
Antwerpen Deurne,43
Antwerpen Ekeren,11
Antwerpen Ekeren Mariaburg,5
Antwerpen Hoboken,8
Antwerpen Kiel,7
Antwerpen Linkeroever,2
Antwerpen Merksem,26
Antwerpen Wilrijk,20
Antwerpen-Ekeren,1
Antwerpen-Hoboken,1
Antwerpen-Linkeroever,1
Antwerpen-Noord,7
Antwerpen-Wilrijk,1
Antwerpen-Zuid,20
Anvaing,1
Anzegem,45
Anzegem Vichte,1
Appels,3
Appelterre-Eichem,1
Arbrefontaine,2
Arc-Ainières,1
Archennes,1
Ardooie,19
Arendonk,40
Argenteau,1
Arlon,45
Arlon (Stockem),1
Arlon Heinsch,1
Arquennes,3
Arsimont,4
As,7
Aspelare,3
Asper,9
Asse,160
Asse Mollem,3
Asse Zellik,6
Assebroek,48
Assenede,28
Assenede Boekhoute,1
Assenois,1
Assesse,9
Assesse Crupet,1
Astene,14
Ath,65
Ath Ligne,1
Athus,10
Attenhoven,1
Attenrode-Wever,1
Attert,6
Aubange,29
Aubange Athus,1
Aubange Halanzy,2
Aubechies,1
Aubel,5
Auby-sur-Semois,1
Auderghem,142
Auderghem - limite Wat-Boitsfort,1
Auderghem - métro Pétillon,1
Aulnois,4
Autre-àglise,1
Auvelais,7
Avekapelle/veurne,1
Avelgem,63
Averbode,4
Awans,8
Awans Othée,2
Awenne,1
Aye,2
Aywaille,43
Aywaille Ernonheid,1
Aywaille Sougné-Remouchamps,1
BAASRODE,2
BACHTE-MARIA-LEERNE,1
BAILEUX,2
BAILLEUL,1
BAISIEUX,1
BAISY-THY,5
BALEN,6
BALÂTRE,2
BAMBOIS,1
BARRY,2
BARVAUX,3
BARVAUX-SUR-OURTHE,1
BAS-OHA,1
BASECLES,5
BASTOGNE,1
BASÈCLES,1
BATTICE,1
BAUDOUR (Saint-Ghislain),1
BAZEL,1
BEAUFAYS,5
BEAURAING,1
BEERSE,1
BEERZEL,3
BEGIJNENDIJK,1
BEKEGEM,1
BELLEFONTAINE,1
BELLEGEM,1
BELLEVAUX,1
BELOEIL,3
BEN-AHIN,1
BERCHEM,29
BERCHEM (ANTWERPEN),1
BERCHEM-SAINTE-AGATHE,24
BERENDRECHT,2
BERG,2
BERINGEN,1
BERLAAR,2
BERLARE,1
BERNISSART,1
BERTOGNE,1
BESONRIEUX,2
BETEKOM,1
BEUZET,2
BEVEL,1
BEVERE,2
BEVEREN,7
BEVEREN- LEIE,7
BEYNE-HEUSAY,3
BIERGHES,4
BIERSET,1
BIEZ,3
BIÈVRE,2
BLAASVELD,8
BLAIMONT,5
BLANKENBERGE,49
BLANMONT,1
BLAREGNIES,2
BLAUGIES,1
BLEGNY,1
BLÉGNY,1
BLÉHARIES,1
BOECHOUT,2
BOIS-D'HAINE,1
BOIS-ET-BORSU,1
BOMAL,1
BOMAL-SUR-OURTHE,1
BON-SECOURS,1
BONCELLES,8
BONHEIDEN,4
BONLEZ,3
BONNEVILLE,2
BOOM,4
BOORTMEERBEEK,9
BORGERHOUT,22
BORLO,1
BORNEM,1
BORSBEEK,7
BOSSUT-GOTTECHAIN,3
BOST,1
BOUFFIOULX,6
BOUGE,2
BOUILLON,1
BOUSSU,2
BOUSSU-BOIS,1
BOUSVAL,1
BRAINE-LE-CHÂTEAU,11
BRAINE-LE-COMTE,4
BRAKEL,4
BRAKEL (NEDERBRAKEL),1
BRANST,1
BRASSCHAAT,8
BRAY,2
BRECHT,1
BREENDONK,3
BRESSOUX,2
BROECHEM,3
BRUSSEGEM,2
BRUSSEL,11
BRUXELLES,116
BRÛLY-DE-PESCHE,1
BULLINGEN,2
BURCHT,9
BUZET,1
Baaigem,1
Baal,5
Baardegem,2
Baarle-Hertog,1
Baasrode,11
Bachte-Maria-Leerne,16
Baelen,2
Baillonville,3
Baisieux,1
Baisy-Thy,1
Balegem,6
Balen,74
Balen (Balen),1
Balen Olmen,1
Balâtre,1
Bande,3
Banneux,1
Banneux (Louveigné),1
Barchon,2
Baronville,1
Barvaux,1
Barvaux-sur-Ourthe,1
Basecles,2
Bassenge,16
Bassevelde,1
Bassilly,2
Bastogne,32
Basècles,4
Battice,3
Battice (Herve),1
Baudour,8
Baulers,2
Bavegem,1
Bavikhove,7
Bazel,2
Beaufays,12
Beaufays (Chaudfontaine),1
Beaumont,16
Beauraing,20
Beauraing Baronville,1
Beauraing Froidfontaine,1
Beauraing Honnay,1
Beauraing Pondrôme,1
Beauraing Winenne,1
Beauvechain,21
Beauvoorde,2
Beernem,22
Beerse,55
Beerse Vlimmeren,1
Beersel,95
Beersel Alsemberg,2
Beersel Dworp,2
Beersel Huizingen,5
Beert,1
Beervelde,7
Beerzel,7
Begijnendijk,15
Begijnendijk Betekom,1
Beho,3
Beigem,3
Bekegem,3
Bekegem Ichtegem,1
Bekkevoort,13
Belgrade,5
Bellaire,3
Bellaire = Beyne-Heusay,1
Bellecourt,2
Bellefontaine,1
Bellegem,6
Beloeil,4
Beloeil Basècles,2
Beloeil Quevaucamps,2
Belsele,12
Belvaux,1
Belzele,1
Belœil,4
Ben-Ahin,1
Bende,1
Berchem,106
Berchem (2600),11
Berchem (Antwerpen),3
Berchem Sainte Agathe,1
Berchem St Agathe,1
Berchem-Sainte-Agathe,80
Berchem-St-Agathe,1
Berchem-Ste-Agathe,8
Berendrecht,9
Bergom,1
Beringen,63
Berlaar,44
Berlare,47
Berloz,11
Berneau,3
Bernissart,11
Bernissart Harchies,2
Bernissart Pommeroeul,1
Bernissart Ville-Pommeroeul,3
Bersillies-l'Abbaye,2
Bertem,9
Bertogne,1
Bertrix,28
Berzée,2
Beselare,1
Beuzet,1
Bevel,3
Bever,15
Beveren,42
Beveren (8800),1
Beveren (Leie),1
Beveren Haasdonk,1
Beveren Kallo,1
Beveren leie,1
Beveren-Leie,8
Beveren-Waas,31
Beveren-aan-den-Ijzer,1
Beverlo,5
Beverst,3
Beyne-Heusay,29
Beyne-Heusay Bellaire,5
Beyne-Heusay Queue-du-Bois,1
Bierbeek,47
Bierbeek (Lovenjoel),1
Bierbeek Korbeek-Lo,1
Biercee,2
Biercée (Thuin),1
Bierges,21
Bierghes,2
Bierset,2
Bierwart,1
Biesmerée,1
Bievre,5
Bikschote,2
Bilzen,52
Binche,49
Binche Bray,1
Binche Buvrinnes,3
Binche Péronnes-lez-Binche,1
Binche Ressaix,1
Bissegem,16
Bitsingen,1
Bièvre,4
Blaasveld,14
Blaimont,2
Blandain,6
Blanden,1
Blankenberge,281
Blaton,5
Blaugies,1
Blegny,9
Blicquy,2
Blégny,11
Blégny Saive,2
Bléharies,1
Bocholt,4
Boechout,43
Boechout (Boechout),6
Boechout Vremde,2
Boekhoute,7
Boezinge,2
Bohan,2
Boignée,1
Boirs,1
Bois-Borsu,1
Bois-D'Haine,2
Bois-d'Haine,1
Bois-d'haine,1
Bois-de-Lessines,3
Bois-de-Villers,3
Bois-de-Villers (Namur),1
Bois-de-villers,1
Bolderberg,1
Bomal (Ramillies),3
Bomal-sur-Ourthe,2
Bon-Secours,3
Bon-secour,2
Boncelles,9
Bonheiden,44
Bonheiden Rijmenam,1
Bonlez,1
Bonneville,3
Booischot,19
Boom,75
Boom (Boom),2
Boortmeerbeek,17
Borchtlombeek,5
Borgerhout,114
Borgerhout ,1
Borgerhout (Antwerpen),3
Borgloon,48
Bornem,93
Bornem Mariekerke,2
Bornival,1
Borsbeek,44
Borsbeek (Borsbeek),3
Bossière Saint-Gérard (Mettet),2
Bossuit,1
Bossut-Gottechain,1
Bothey,1
Bottelare,7
Bouffioulx,6
Bouge,7
Bouillon,13
Bouillon Bellevaux,1
Bouillon Corbion,1
Bouillon Poupehan,1
Bourlers,2
Boussoit,2
Boussu,45
Boussu Hornu,5
Bousval,2
Boutersem,21
Bouvignies,2
Bouwel,6
Bovekerke,1
Bovesse,2
Braine l'Alleud,5
Braine-L'Alleud,16
Braine-l'Alleud,175
Braine-l'Alleud Lillois-Witterzée,3
Braine-le-Chateau,6
Braine-le-Château,15
Braine-le-Château Wauthier-Braine,1
Braine-le-Comte,71
Braine-le-Comte Hennuyères,1
Braine-le-Comte Ronquières,1
Braives,6
Braives Fumal,1
Braives Latinne,1
Brakel,73
Branchon,1
Brasménil,2
Brasschaat,238
Brasschaat (Brasschaat),9
Bray,2
Brecht,35
Brecht (Brecht),5
Brecht Sint-Job-in-'t-Goor,3
Brecht Sint-Lenaarts,2
Bredene,89
Bree,6
Bree Opitter,2
Breendonk,2
Bressoux,7
Brielen,2
Broechem,4
Brugelette,8
Brugge,298
Brugge (8000),1
Brugge (8200),1
Brugge Assebroek,2
Brugge Sint-Andries,1
Brugge Sint-Kruis,2
Brugge Sint-Michiels,2
Brugge Zeebrugge,2
Brugge-Dudzele,1
Brunehaut,3
Brunehaut Bléharies,2
Brunehaut Rongy,2
Brussegem,2
Brussel,49
Brussel (1080),1
Brussel 1,1
Brussel2,1
Brussel21,1
Brussels,38
Brussels City,142
Bruxelles,566
Bruxelles  - Sablon,1
Bruxelles  1,16
Bruxelles  2,6
Bruxelles - Grand Place,3
Bruxelles - Mont des Arts,1
Bruxelles 21,1
Bruxelles ville,25
Bruxelles-Quartier Louise,2
Bruxelles1,1
Bruxelles2,1
Bruxelles21,1
Bruyelle,1
Brye,2
Buggenhout,51
Buggenhout Opstal,1
Buissenal,1
Buizingen,12
Bullange,1
Burcht,20
Burcht (Zwijndrecht),1
Burdinne,5
Burdinne Oteppe,2
Burg-Reuland,3
Burst,2
Butgenbach,8
Buvingen,1
Buvrinnes,4
Buzet,1
Büllingen,2
CADZAND,1
CARLSBOURG,2
CARNIERES,1
CASTEAU,2
CERFONTAINE,1
CHAMPION,1
CHAPELLE-LEZ-HERLAIMONT,1
CHASTRE-VILLEROUX-BLANMONT,1
CHATELET,7
CHATELINEAU,7
CHAUDFONTAINE,4
CHAUMONT,3
CHAUMONT-GISTOUX,1
CHENEE,1
CHIMAY,3
CHINY,1
CHIÈVRES,1
CHOKIER,1
CHÂTELINEAU,2
CHÊNEE,2
CHÊNÉE,1
CIELLE,1
CINEY,7
CLABECQ,5
CLERMONT-SOUS-HUY,2
COMBLAIN-LA-TOUR,2
COMINES-WARNETON,1
CORBAIS,3
CORNESSE,1
CORROY-LE-GRAND,1
CORTIL-NOIRMONT,4
COUILLET,2
COURCELLES,7
COURT-SAINT-ETIENNE,7
COURT-SAINT-ÉTIENNE,6
COUTHUIN,1
COUTISSE,2
COUVIN,5
CRISNÉE,8
CUL-DES-SARTS,3
CURFOZ,1
Cadzand,3
Cambron-Casteau,2
Cambron-Saint-Vincent (LENS),1
Cambron-Saint-Vincent (Lens),1
Carnières,6
Casteau,2
Casteau (Soignies),1
Celles,8
Celles (7760),3
Celles (Ht.),1
Cerfontaine,8
Chanly,1
Chapelle-lez-Herlaimont,30
Chapelle-lez-Herlaimont Piéton,1
Chapelle-à-Oie,1
Chapon-Seraing,1
Charleroi,197
Charleroi (Marcinelle),1
Charleroi / gilly,1
Charleroi Couillet,12
Charleroi Dampremy,3
Charleroi Gilly,13
Charleroi Gosselies,10
Charleroi Jumet,15
Charleroi Lodelinsart,9
Charleroi Marcinelle,16
Charleroi Monceau-sur-Sambre,7
Charleroi Mont-sur-Marchienne,1
Charleroi Montignies-sur-Sambre,8
Charleroi Ransart,8
Charleroi Roux,9
Charleroi-Marchienne-au-Pont,12
Charleroi-Montignies-sur-Sambre,1
Chassepierre,1
Chastre,22
Chastre-Villeroux-Blanmont,2
Chastrès,1
Chatelet,7
Chatelet-ChÃtelineau,1
Chatelineau,5
Chaudfontaine,23
Chaudfontaine Beaufays,6
Chaudfontaine Embourg,5
Chaudfontaine Vaux-sous-Chèvremont,1
Chaumont,1
Chaumont-Gistoux,74
Chenee (Liege),3
Cheratte,5
Cheratte-Hauteurs,1
Chevron,1
Chimay,34
Chiny,2
Chiny (Suxy),2
Chièvres,10
Chokier,2
ChÃtelet,2
ChÃtelineau,1
Châtelet,44
Châtelet Bouffioulx,3
Châtelet Châtelineau,3
Châtelineau,11
Chênée,16
Chênée (Liège),3
Cierreux (Gouvy),1
Ciney,45
Ciney Achêne,1
Ciney Leignon,1
Ciply,3
City of Brussels,1
Clabecq,5
Clavier,12
Clermont (Nam.),1
Clermont-sous-Huy,1
Cointe,1
Colfontaine,58
Colfontaine Pâturages,3
Colfontaine Wasmes,7
Comblain-Fairon,1
Comblain-au-Pont,10
Comblainau-Pont Poulseur,1
Comines,1
Comines-Warneton,13
Comines-Warneton Ploegsteert,1
Corbais,2
Corbion,8
Cordes,1
Corenne,1
Cornesse,1
Corroy le Grand,2
Corroy-le-Château,1
Cortil-Noirmont,1
Couillet,21
Courcelles,80
Courcelles Gouylez-Piéton,1
Courcelles Souvret,1
Courcelles Trazegnies,4
Courrière,1
Court-Saint-Etienne,8
Court-Saint-Étienne,2
Court-St-Etienne,5
Court-St.-Etienne,8
Court-St.-àtienne,3
Court-saint-àtienne,1
Couthuin,4
Coutisse,1
Couture-Saint-Germain,1
Couvin,12
Couvin Brûlyde-Pesche,1
Coxyde,1
Creppe,3
Crisnee,2
Crisnée,13
Crisnée Odeur,1
Crupet,2
Cuesmes,13
Céroux-Mousty,5
DALHEM,1
DAMPICOURT,1
DAUSSOIS,1
DAUSSOULX,1
DE KLINGE,8
DE PINTE,2
DEFTINGE,3
DEINZE,8
DENDERLEEUW,3
DENDERMONDE,19
DENDERWINDEKE,1
DENÉE,1
DESSEL,1
DEURNE,45
DIKSMUIDE,2
DILBEEK,3
DILSEN,21
DINANT,8
DISON,5
DONGELBERG,2
DOUR,3
DROGENBOS,4
DRONGEN,6
DUFFEL,7
DURBUY,16
Dadizele,7
Dalhem,4
Damme,34
Damme Sijsele,3
Dampicourt,1
Dampremy,24
Daussois,1
Daussoulx,1
Dave,1
Daverdisse,5
Daverdisse Haut-Fays,1
De Haan,120
De Klinge,8
De Panne,182
De Panne Adinkerke,1
De Pinte,21
De Pinte Zevergem,2
Deerlijk,54
Deftinge,3
Deinze,144
Deinze Astene,1
Deinze Bachte-Maria-Leerne,1
Denderbelle,2
Denderhoutem,9
Denderleeuw,44
Denderleeuw Welle,2
Dendermonde,111
Dendermonde Baasrode,5
Dendermonde Grembergen,1
Dendermonde Oudegem,1
Dendermonde Schoonaarde,2
Dendermonde Sint-Gillis-bij-Dendermonde,3
Dentergem,10
Denée,1
Dergneau,2
Dessel,45
Desselgem,22
Desselgem (Waregem),1
Destelbergen,49
Desteldonk,2
Deurle,3
Deurne,217
Deurne ,1
Deurne (2100),66
Deurne (Antwerpen),20
Deurne Zuid,1
Deux-Acren,12
Diegem,18
Diepenbeek,33
Diest,39
Dikkelvenne,1
Diksmuide,74
Dilbeek,195
Dilbeek Groot-Bijgaarden,4
Dilbeek Itterbeek,5
Dilbeek Schepdaal,2
Dilbeek Sint-Ulriks-Kapelle,3
Dilsen,1
Dilsen-Stokkem,14
Dinant,57
Dinant Falmignoul,1
Dion,1
Dion-le-Mont,1
Dison,31
Dison Andrimont,8
Dochamps,1
Dohan,3
Doische,3
Donceel,6
Dormaal,1
Dottenijs,1
Dottignies,35
Dour,63
Dour Elouges,5
Dour Whiéries,1
Dour Wihéries,6
Dranouter,1
Drogenbos,20
Drongen,17
Dudzele,6
Duffel,50
Duinbergen,36
Duisburg,2
Durbuy,67
Durbuy Izier,1
Durnal,1
Dworp,6
ECAUSSINNES,2
ECAUSSINNES-D'ENGHIEN,1
EDEGEM,28
EERNEGEM,5
EINDHOUT,4
EINE,1
ELEWIJT,1
ELOUGES,10
ELSEGEM,1
ELSENE,1
EMBLEM,3
EMBOURG,1
EMINES,1
ENGIS,11
ENINES,1
ENSIVAL,4
EPPEGEM,1
ERE,1
EREMBODEGEM,4
EREZÉE,3
ERNAGE,4
ERPE-MERE,2
ERPENT,1
ERQUELINNES,1
ERTVELDE,2
ESNEUX,1
ESSENBEEK,1
ESSENE,1
ESTINNES-AU-MONT,3
ESTINNES-AU-VAL,2
ETHE,1
ETTERBEEK,5
EUGIES,2
EVERE,12
EVERGEM,15
EVREHAILLES,2
Eben-Emael,2
Ecaussinnes,8
Ecaussinnes Marchelez-Ecaussinnes,1
Ecaussinnes-d'Enghien,1
Edegem,89
Edingen - Petit Enghien- Lettelingen,1
Eeklo,109
Eernegem,16
Eggewaartskapelle,1
Eghezee,5
Eghezée,6
Eghezée Hanret,1
Eigenbilzen,2
Eindhout,5
Eine,4
Eisden,4
Eke,11
Ekeren,68
Ekeren (Antwerpen),1
Eksel,6
Eksel (Hechtel-Eksel),1
Elewijt,4
Elingen,2
Ellezelles,39
Elouges,2
Elsenborn - Bütgenbach,1
Elsene,28
Elverdinge,1
Elzele,1
Emblem,4
Embourg,13
Embourg (Chaudfontaine),1
Emelgem,2
Enghien,52
Enghien Petit-Enghien,3
Engis,10
Ensival,5
Epinois,2
Eppegem,2
Ere,1
Erembodegem,21
Erezée,11
Ernage,2
Erondegem,3
Erpe,2
Erpe-Mere,37
Erpe-Mere Burst,1
Erpe-mere,1
Erpent,4
Erpion,2
Erps-Kwerps,7
Erquelinnes,23
Erquelinnes Bersilliesl'Abbaye,1
Erquelinnes Solre-sur-Sambre,2
Erquennes,1
Ertvelde,13
Esen,2
Esneux,26
Esplechin,1
Essen,34
Estaimbourg,5
Estaimpuis,15
Estaimpuis Leers-Nord,1
Estaimpuis Néchin,4
Estinnes,3
Estinnes Estinnesau-Mont,1
Estinnes-au-Mont,2
Estinnes-au-Val,3
Etalle,1
Etalle (Buzenol),1
Etalle Buzenol,1
Etalle Sainte-Marie-sur-Semois,1
Ethe,2
Ettelgem,1
Etterbeek,258
Eugies,3
Eupen,26
Everbeek,1
Everberg,5
Evere,254
Evergem,62
Eynatten,2
Ezaart,2
FAGNOLLE,1
FAIMES,1
FALAEN,1
FALAËN,1
FALISOLLE,4
FALLAIS,3
FALMAGNE,1
FAMILLEUREUX,1
FAYT-LEZ-MANAGE,5
FIZE-FONTAINE,1
FLAWINNE,2
FLEMALLE,1
FLEURUS,1
FLOREFFE,1
FLORENNES,2
FLORENVILLE,1
FLORIFFOUX,2
FLÉMALLE,23
FLÉMALLE-HAUTE,3
FLÉNU,4
FOCANT,1
FONTAINE-L'EVÊQUE,7
FONTAINE-L'ÉVÊQUE,1
FONTENOILLE,1
FOREST,2
FORRIÈRES,1
FORÊT,4
FOSSES-LA-VILLE,23
FRAHAN,1
FRAIRE,2
FRANIÈRE,1
FRASNES,1
FRASNES-LEZ-BUISSENAL,5
FRASNES-LEZ-GOSSELIES,1
FREUX,1
FREYLANGE,1
FROIDCHAPELLE,2
FURNAUX,1
Faimes,7
Falaën,1
Falisolle,3
Fallais,1
Farciennes,33
Farciennes Pironchamps,1
Fauvillers,3
Fays-les-veneurs,1
Fayt lez manage,1
Fayt-lez-Manage,1
Fayt-lez-manage,1
Felenne,1
Feluy,3
Fernelmont,2
Ferrieres,1
Ferrières,1
Ferrières Werbomont,1
Fexhe- le-Haut-Clocher,1
Fexhe-le-Haut-Clocher,5
Fexhele-Haut-Clocher,1
Filot,1
Finnevaux,1
Flawinne,3
Flawinne (Namur),1
Flemalle,14
Fleron,8
Fleurus,33
Fleurus Heppignies,2
Fleurus Lambusart,1
Fleurus Wanfercée-Baulet,1
Fleurus Wangenies,3
Flobecq,16
Floreffe,8
Florennes,21
Florenville,6
Florenville Muno,3
Florenville Villers-devant-Orval,1
Floriffoux,2
Flémalle,34
Flémalle Awirs,1
Flémalle Monslez-Liège,1
Flémalle-Grande,10
Flémalle-Haute,5
Flénu,5
Fléron,25
Fléron Retinne,2
Fléron Romsée,1
Folx-les-Caves,2
Fontaine L Eveque,1
Fontaine l'Evêque,1
Fontaine-L'evêque,1
Fontaine-Valmont,1
Fontaine-l'Eveque,13
Fontaine-l'Évêque,3
Fontaine-l'àvêque,4
Fontaine-l?àvÊque,1
Fontainel'Evêque,1
Fontainel'Evêque Forchiesla-Marche,1
Fontainel'Evêque Leernes,1
Forchies-la-Marche,16
Forest,276
Forges,6
Forrières,2
Forville,1
Forêt-Trooz,1
Fosses-la-Ville,27
Fossesla-Ville,1
Fossesla-Ville Sart-Saint-Laurent,1
Fourbechies,1
Fouron-Saint-Martin,1
Fouron-le-Comte,1
Foy-Notre-Dame,1
Fraire,1
Frameries,54
Frameries Eugies,1
Frameries La Bouverie,2
Frameries Sarsla-Bruyère,1
Franchimont,1
Francorchamps,1
Frasnes (Nam.),1
Frasnes-lez-Anvaing,11
Frasnes-lez-Anvaing Saint-Sauveur,1
Frasnes-lez-Buissenal,1
Frasnes-lez-Gosselies,5
Frenet (Bertogne),1
Froidchapelle,6
Froidchapelle - Fourbechies,1
Froidchapelle Fourbechies,2
Froidmont,2
Froidthier,1
Froyennes,4
Fumay France,1
Furfooz,1
GALMAARDEN,3
GANSHOREN,10
GEEL,2
GEEST-GEROMPONT-PETIT-ROSIÈRE,3
GEMBLOUX,3
GENT,23
GENTBRUGGE,6
GENVAL,9
GERAARDSBERGEN,37
GESVES,3
GIERLE,2
GILLY,1
GINGELOM,4
GISTOUX,7
GIVES,1
GLAIN,3
GLIMES,2
GOCHENEE,1
GOESNES,1
GOOIK,1
GOOREIND,1
GOUTROUX,3
GOUVY,2
GOZEE,1
GRACE-BERLEUR,1
GRACE-HOLLOGNE,1
GRAIDE,1
GRAND-RENG,1
GRANDGLISE (BELOEIL),1
GRANDHAN,3
GREMBERGEN,2
GRIMBERGEN,1
GRIVEGNEE,4
GRIVEGNEE (LIEGE.),1
GRIVEGNÉE,3
GROOT-BIJGAARDEN,1
GRUPONT,1
GRÂCE-BERLEUR,2
GRÂCE-HOLLOGNE,12
Galmaarden,61
Galmaarden Tollembeek,2
Gand,1
Ganshoren,100
Gaurain-Ramecroix,3
Gavere,50
Gavere Asper,1
Gedinne,7
Gedinne Louette-Saint-Denis,1
Gedinne Louette-Saint-Pierre,1
Geel,142
Geel (Geel),11
Geer,4
Geer Lens-Saint-Servais,1
Geest-Gérompont-Petit-Rosière,1
Geetbets,6
Geluwe,5
Gembloux,71
Gembloux Grand-Leez,1
Gembloux Sauvenière,1
Gemmenich,5
Genappe,55
Genappe (Bousval),1
Genappe Bousval,1
Genappe Loupoigne,1
Genappe Ways,2
Genk,73
Gent,719
Gent (9000),4
Gent Drongen,1
Gent Gentbrugge,4
Gent Ledeberg,1
Gent Mariakerke,4
Gent Sint-Amandsberg,10
Gent Sint-Denijs-Westrem,11
Gent Wondelgem,3
Gent Zwijnaarde,12
Gentbrugge,32
Genval,25
Geraardsbergen,169
Geraardsbergen Grimminge,2
Geraardsbergen Idegem,1
Geraardsbergen Moerbeke,7
Geraardsbergen Ophasselt,6
Geraardsbergen Viane,3
Gerpinnes,23
Gerpinnes Acoz,2
Gerpinnes Loverval,1
Gesves,7
Gesves Sorée,1
Gesves-Faulx-les-Tombes,1
Ghislenghien,2
Ghlin,16
Ghlin (Mons),1
Gierle,4
Gijzegem,8
Gilly,43
Gilly (Charleroi),11
Gimnée,1
Gingelom,19
Ginste (Oostrozebeke),2
Gistel,42
Gits,3
Givry,2
Glabais,1
Glabbeek,10
Glimes,2
Glons,2
Godarville,1
Godinne,1
Goeferdinge,1
Goegnies-Chaussee,1
Goesnes,2
Gognies Chaussee,1
Gomzé-Andoumont,2
Gonrieux,6
Gooik,40
Gosselies,20
Gottignies,1
Gougnies,2
Gourdinne,1
Goutroux,6
Gouvy,8
Gouy-Lez-Piéton,1
Gouy-lez-Piéton,2
Gozee ,1
Gozée,2
Grace-Hollogne,15
Grand-Bigard,1
Grand-Hallet,1
Grand-Halleux,8
Grand-Leez,8
Grand-Reng,1
Grandglise,1
Grandmetz,1
Grapfontaine (Neufchâteau),1
Grembergen,4
Grembergen (Dendermonde),4
Grez-Doiceau,71
Grimbergen,100
Grimbergen Humbeek,2
Grimbergen Strombeek-Bever,13
Grimminge,2
Grivegnee (Liege),2
Grivegnée,17
Grobbendonk,55
Groot Bigard,1
Groot Bijgaarden,1
Groot-Bijgaarden,6
Grotenberge,1
Grâce-Hollogne,14
Grâce-Hollogne Hollogneaux-Pierres,1
Grâce-Hollogne Horion-Hozémont,2
Grâce-hollogne,3
Guerlange,2
Gullegem,16
HAACHT,2
HAALTERT,1
HAASDONK,1
HABAY-LA-NEUVE,3
HABAY-LA-VIEILLE,1
HACHY,1
HAINE-SAINT-PAUL,4
HAINE-SAINT-PIERRE,13
HALANZY,6
HALLAAR,1
HALLE,7
HALLE-BOOIENHOVEN,1
HALLEUX,1
HAM,1
HAM-SUR-SAMBRE,5
HAMME,4
HAMME-MILLE,3
HAMOIR,4
HAN-SUR-LESSE,1
HANNUT,1
HANSBEKE,1
HANTES-WIHÉRIES,1
HANZINELLE,2
HARCHIES,4
HAREN (BRU.),8
HARNONCOURT,1
HARZà,1
HASSELT,1
HASTIÈRE,1
HASTIÈRE-LAVAUX,2
HASTIÈRE-PAR-DELÀ,1
HAUT-BOIS,1
HAUT-FAYS,1
HAUTRAGE,1
HAVELANGE,1
HAVRE,1
HEIST,1
HEIST-AAN-ZEE,9
HELCHTEREN,1
HELECINE,2
HEMIKSEM,4
HENNUYÈRES,1
HEPPIGNIES,1
HERDERSEM,2
HERENT,1
HERENTALS,1
HERMALLE-SOUS-HUY,3
HERMEE,1
HERMETON-SUR-MEUSE,1
HERNE,2
HERQUEGIES,1
HERSELT,12
HERSTAL,1
HERZELE,1
HEULE,2
HEURE,3
HEURE-LE-ROMAIN,3
HEUSDEN,4
HEUSDEN-ZOLDER,1
HEUSY,1
HEVER,2
HEVER (Boortmeerbeek),1
HEVILLERS,1
HINGENE,1
HINGEON,1
HOBOKEN,60
HOEPERTINGEN,2
HOEVENEN,10
HOFSTADE,1
HOLLOGNE-AUX-PIERRES,1
HOLLOGNE-SUR-GEER,1
HONDELANGE,1
HORION-HOZEMONT,1
HORION-HOZÉMONT,3
HOTTON,1
HOUDEMONT,2
HOUDENG-AIMERIES,4
HOUFFALIZE,1
HOUTEM,1
HOUTHALEN,7
HOUYET,1
HOVE,7
HUISSIGNIES,2
HULSTE,1
HUPPAYE,1
HUY,10
Haacht,20
Haacht Tildonk,1
Haaltert,39
Haaltert Denderhoutem,3
Haaltert Heldergem,1
Haasdonk,6
Haasrode,3
Habay,14
Habay (Marbehan),1
Habay Habay-la-Neuve,2
Habay-la-Neuve,1
Habergy,2
Haccourt,4
Hachy,1
Haine Saint Pierre,1
Haine-Saint-Paul,3
Haine-Saint-Pierre,1
Haine-St-Pierre,1
Haine-saint-paul,1
Hal,4
Halanzy,9
Halen,22
Hallaar,2
Halle,173
Halle (1500),12
Halle Buizingen,1
Halle Lembeek,4
Hallle,1
Ham,21
Ham-sur-Heure,5
Ham-sur-Heure-Nalinnes,9
Ham-sur-Heure-Nalinnes Jamioulx,2
Ham-sur-Sambre,3
Ham-sur-heure-nalinnes,1
Hamipré (Neufchâteau),1
Hamme,69
Hamme (1785),1
Hamme (9220),12
Hamoir,11
Hamoir Comblain-Fairon,1
Hamois,5
Hamois Schaltin,1
Hamont,5
Hamont-Achel,13
Handzame,6
Haneffe (Donceel),1
Hannut,24
Hannut Cras-Avernas,2
Hannut Petit-Hallet,1
Hannut Thisnes,1
Hanret,3
Hansbeke,2
Harchies,1
Harelbeke,111
Harelbeke (Bavikhove),1
Haren,7
Haren (Brussel),1
Haren (bruxelles),1
Hargimont,1
Haringe,2
Harre,1
Hasselt,203
Hastiere,10
Hastiere-par-Delà,1
Hastière,21
Hastière (Blaimont),1
Hastière Agimont,1
Hastière Blaimont,1
Hastière Heer,1
Hastière Waulsort,1
Hastière-Lavaux,4
Hastière-par-Delà,1
Hastière-par-delà,1
Haulchin,1
Haut-Fays,2
Haut-Ittre,1
Hautrage,26
Havelange,7
Havelange Méan,1
Havre,2
Havré,4
Hechtel-Eksel,4
Hechtel-eksel,1
Heer,3
Heers,11
Heestert,1
Heffen,6
Heist,1
Heist op den Berg(Pijpelheide),1
Heist-aan-Zee,55
Heist-op-den-Berg,126
Heist-op-den-Berg - Booischot,1
Heist-op-den-Berg Booischot,9
Heist-op-den-Berg Itegem,3
Heist-op-den-Berg Schriek,1
Heist-op-den-Berg Wiekevorst,1
Helchteren,2
Heldergem,1
Helecine,2
Hemiksem,34
Hennuyeres,1
Hennuyères,1
Henri-Chapelle,1
Henri-Chapelle ,1
Henripont,1
Hensies,10
Hensies Hainin,2
Hensies Thulin,1
Heppen,5
Herbeumont,5
Herchies,1
Herdersem,2
Herent,48
Herent Veltem-Beisem,3
Herent Winksele,1
Herentals,125
Herentals Morkhoven,1
Herentals Noorderwijk,1
Herenthout,47
Herfelingen,1
Hergenrath,1
Herk-de-Stad,15
Hermalle-sous-Argenteau,5
Hermalle-sous-Huy,1
Hermée,1
Herne,43
Herseaux,23
Herselt,39
Herselt (Herselt),2
Herselt Ramsel,1
Herstal,122
Herstal - Vottem,1
Herstal Milmort,1
Herstal Vottem,5
Herve,17
Herve ,1
Herve Battice,1
Herve Charneux,1
Herve Xhendelesse,1
Herzele,56
Herzele Steenhuize-Wijnhuize,1
Het Voor (Vilvoorde),1
Het Zoute,1
Heule,22
Heultje,2
Heure,1
Heure-le-Romain,1
Heusden,6
Heusden (9070),4
Heusden-Zolder,47
Heusy,18
Heuvelland,1
Hever,3
Heverlee,40
Heverlee (Leuven),2
Hillegem,4
Hoboken,71
Hoboken (Antwerpen),2
Hodeige,1
Hoegaarden,30
Hoegaarden Outgaarden,1
Hoeilaart,27
Hoeleden,2
Hoepertingen,1
Hoeselt,13
Hoevenen,11
Hoevenen/Stabroek,1
Hofstade,15
Hofstade (9308),2
Hogne,2
Hollange,1
Hollebeke,2
Hollogne-aux-Pierres,1
Holsbeek,12
Holsbeek Kortrijk-Dutsel,1
Hombeek,5
Hombourg,2
Hondelange,2
Honnelles,3
Honnelles Angre,2
Honnelles Angreau,1
Honnelles Athis,1
Honnelles Roisin,2
Hooglede,17
Hoogstade,1
Hoogstraten,55
Hoogstraten (Hoogstraten),7
Hoogstraten (Meer),1
Hoogstraten (Meerle),2
Hoogstraten (Minderhout),2
Hoogstraten (Wortel),2
Hoogstraten Meer,1
Hoogstraten Meerle,5
Hoogstraten Wortel,2
Horebeke,2
Horion-Hozémont,1
Hornu,22
Horrues,5
Hotton,17
Hotton Deulin,1
Houdemont,2
Houdeng-Aimeries,3
Houdeng-Goegnies,6
Houffalize,15
Houffalize (Dinez),1
Hour,1
Housse,1
Houtain-Saint-Siméon,4
Houtain-le-Val,3
Houtain-saint-siméon,1
Houtaing,1
Houtem,3
Houthalen,5
Houthalen-Helchteren,28
Houthulst,32
Houtvenne,5
Houyet,7
Houyet Mesnil-Saint-Blaise,1
Hove,20
Hoves,1
Huizingen,6
Huldenberg,20
Huldenberg Ottenburg,2
Hulshout,18
Hulshout (Houtvenne),1
Hulshout Westmeerbeek,2
Hulste,9
Humbeek,8
Huy,112
Huy Ben-Ahin,2
Huy Tihange,1
Hyon,4
HÉLÉCINE,4
Hélécine,9
Hérinnes-lez-Pecq,1
Héron,6
Héron Couthuin,1
Hévillers,1
IEPER,1
INGOOIGEM,4
ISIÈRES,2
ITEGEM,4
ITTRE,1
IVOZ-RAMET,5
IXELLES,12
IZEGEM,2
Ichtegem,26
Iddergem,2
Idegem,7
Ieper,71
Impe,1
Incourt,15
Ingelmunster,78
Ingooigem,1
Irchonwelz,2
Isières,1
Itegem,5
Itterbeek,2
Ittre,30
Ittre (Virginal-Samme),1
Ittre Virginal-Samme,1
Ivoz-Ramet,3
Ixelles,644
Ixelles ,1
Ixelles - Place Boondael,1
Izegem,160
JAMBES,5
JAMIOULX,1
JANDRAIN,1
JAUCHE,1
JEHAY-BODEGNÉE,2
JEHONVILLE,1
JEMAPPES,6
JEMELLE,1
JEMEPPE,11
JEMEPPE-SUR-MEUSE,5
JEMEPPE-SUR-SAMBRE,2
JETTE,17
JEZUS-EIK,2
JODOIGNE,1
JONCRET,1
JUMET,1
JUPILLE,1
JUPILLE-SUR-MEUSE,5
JUPRELLE,2
Jabbeke,21
Jabbeke Varsenare,2
Jalhay,13
Jambes,77
Jambes (Namur),6
Jamoigne,13
Jandrain-Jandrenouille,2
Jandrain-jandrenouille,1
Jauche,2
Jehay,1
Jemappes,31
Jemelle,5
Jemeppe (-sur-meuse),2
Jemeppe-Sur-Meuse,1
Jemeppe-sur-Meuse,12
Jemeppe-sur-Sambre,13
Jemeppe-sur-Sambre BalÃtre,1
Jemeppe-sur-Sambre Spy,1
Jette,229
Jodoigne,52
Jodoigne Mélin,1
Jodoigne Saint-Jean-Geest,1
Jodoigne-Souveraine,2
Jonkershove,1
Julemont,1
Jumet,56
Jumet (Charleroi),3
Jupille,4
Jupille-sur-Meuse,5
Jupille-sur-Meuse ,1
Jupille-sur-meuse,4
Juprelle,20
Juprelle Vorouxlez-Liers,1
Jurbise,22
KAPELLE-OP-DEN-BOS,5
KAPELLEN,3
KEERBERGEN,4
KESTER,2
KEUMIEE,1
KINROOI,2
KLEINE HORENDONK,1
KNOKKE,8
KNOKKE- ZOUTE,1
KNOKKE-ZOUTE,3
KOEKELBERG,7
KOKSIJDE,2
KONINGSHOOIKT,3
KONINGSLO,1
KONTICH,10
KOOIGEM,2
KORTRIJK,7
KOZEN,1
KUURNE,1
KWAREMONT,1
Kain,11
Kalken,4
Kallo,4
Kallo (9120),1
Kalmthout,45
Kampenhout,25
Kampenhout Berg,2
Kampenhout Buken,2
Kanegem,1
Kapelle-op-den-Bos,27
Kapellen,116
Kapellen (2950),2
Kapellen (Antw.),1
Kaprijke,6
Kassei (Vilvoorde),1
Kaster,4
Kasterlee,41
Kasterlee Lichtaart,1
Kasterlee Tielen,1
Keerbergen,62
Keiem,1
Kemmel,1
Kemzeke,3
Kerkhove,1
Kerksken,1
Kermt,4
Kersbeek-Miskom,1
Kessel,14
Kessel ,1
Kessel-Lo,20
Kessel-Lo (Leuven),1
Kettenis,1
Kieldrecht,9
Kinrooi,12
Klemskerke,2
Klerken,1
Kluisbergen,32
Knesselare,5
Knocke-Heist,1
Knocke-Heyst,1
Knokke,391
Knokke 't Zoute,1
Knokke Het Zoute,1
Knokke centrum,9
Knokke-Albertplage,1
Knokke-Heist,919
Knokke-Heist Knokke,65
Knokke-Heist Westkapelle,1
Knokke-Het Zoute,2
Knokke-Zoute,76
Koekelare,18
Koekelberg,108
Koersel,4
Koksijde,155
Koksijde (Sint-Idesbald),2
Komen,1
Komen-Waasten,2
Koningshooikt,5
Koningshooikt - Lier,1
Koningslo,1
Kontich,64
Kooigem,2
Koolkerke,1
Koolskamp,6
Korbeek-Dijle,2
Kortemark,29
Kortenaken,12
Kortenberg,41
Kortenberg Erps-Kwerps,3
Kortenberg Everberg,2
Kortenberg Meerbeek,2
Kortessem,26
Kortrijk,283
Kortrijk (8510),1
Kortrijk Bellegem,4
Kortrijk Heule,1
Kortrijk Rollegem,1
Kraainem,56
Kristus Koning,1
Krombeke,1
Kruibeke,39
Kruibeke Bazel,1
Kruibeke Rupelmonde,1
Kruisem,21
Kruishoutem,11
Kumtich,2
Kuringen,3
Kuurne,37
LA BOUVERIE,13
LA GLEIZE,1
LA HESTRE,7
LA HULPE,3
LA LOUVIÈRE,38
LA REID,1
LA ROCHE-EN-ARDENNE,2
LAAKDAL,1
LAAKDAL (VEERLE),1
LAARNE,1
LABUISSIÈRE,2
LADEUZE,2
LAEKEN (BRU.),10
LAKEN (BRU.),4
LAMAIN,1
LAMBERMONT,2
LAMBUSART,3
LAMORTEAU,1
LANDEN,4
LANDENNE,1
LANEFFE,1
LANQUESAINT,1
LANTREMANGE,1
LAPSCHEURE,1
LASNE,1
LASNE-CHAPELLE-SAINT-LAMBERT,2
LAUW,1
LAUWE,1
LE ROUX,1
LEBBEKE,1
LEERS-ET-FOSTEAU,1
LEEST,1
LEIGNON,2
LEMBEEK,5
LENS,1
LES HAYONS,1
LESSIVE,1
LETTELINGEN,3
LEUVEN,3
LEVAL-CHAUDEVILLE,1
LEVAL-TRAHEGNIES,9
LIBIN,2
LIBRAMONT-CHEVIGNY,6
LICHTAART,3
LIEDEKERKE,1
LIEGE,13
LIEGE 1,1
LIER,7
LIEVEGEM,2
LIEZELE,1
LIGNE,1
LIGNY,2
LILLOIS-WITTERZàE,1
LIMAL,6
LIMBOURG,4
LINKEBEEK,5
LINT,1
LIÈGE,26
LOENHOUT,1
LOKEREN,4
LOMBISE,1
LOMMEL,1
LONDERZEEL,2
LONGUEVILLE,1
LONZEE,1
LOPPEM,1
LOTENHULLE,1
LOVENDEGEM,3
LUINGNE,6
LUSTIN,1
LUTLOMMEL,1
La Bouverie,2
La Bruyere,1
La Bruyère,4
La Calamine,6
La Glanerie,2
La Hestre,5
La Hulpe,64
La Hulpe (Gaillemarde),1
La Louviere,35
La Louviere - Strépy-Bracquegnies,1
La Louvière,62
La Louvière (Trivières),1
La Louvière Besonrieux,2
La Louvière Boussoit,1
La Louvière Haine-Saint-Paul,3
La Louvière Haine-Saint-Pierre,4
La Louvière Houdeng-Aimeries,5
La Louvière Houdeng-Goegnies,4
La Louvière Maurage,2
La Louvière Saint-Vaast,5
La Louvière Strépy-Bracquegnies,7
La Louvière Trivières,3
La Roche-en-Ardenne,15
"La Roche-en-Ardenne, Bérisménil",1
La bouverie,1
La louviÈre,1
La louvière,1
La reid,1
Laakdal,43
Laakdal (Klein Vorst),1
Laakdal (Laakdal),3
Laakdal Veerle,1
Laakdal Vorst,1
Laarne,15
Labuissière,3
Laeken,86
Laeken (Bruxelles),1
Laken,14
Laken (Brussel),4
Lambermont,5
Lanaken,41
Lanaye,2
Landegem,6
Landelies,1
Landen,26
Landen Neerwinden,1
Landen Walshoutem,1
Landskouter,1
Laneffe,2
Langdorp,2
Langemark,2
Langemark-Poelkapelle,9
Lanklaar,1
Lanquesaint,3
Laplaigne,3
Lapscheure,1
Lasne,85
Lasne Lasne-Chapelle-Saint-Lambert,1
Lasne-Chapelle-Saint-Lambert,1
Lathuy,1
Latour,2
Lauwe,29
Le Coq,1
Le Roeulx,5
Le Roeulx Thieu,1
Le Roeulx Villesur-Haine,3
Le Roux,1
Le Rœulx,1
Lebbeke,71
Lebbeke Wieze,1
Lede,61
Lede Wanzele,1
Ledeberg,16
Ledegem,11
Leefdaal,1
Leernes,4
Leers Nord,1
Leers-Nord,1
Leest,2
Leeuw-Saint-Pierre,4
Leffinge,2
Leglise,2
Leignon,1
Leke,3
Lembeek,15
Lembeke,5
Lendelede,33
Lennik,35
Lennik Sint-Martens-Lennik,1
Lens,16
Lens-Saint-Remy,1
Leopoldsburg,64
Les Bons Villers,4
Les Bons Villers Frasnes-lez-Gosselies,1
Les Hayons,1
Les-Bons-Villers,3
Lesdain,1
Lessen,7
Lessines,68
Lessines Ollignies,1
Lettelingen,1
Leuven,374
Leuven Heverlee,15
Leuven Kessel-Lo,9
Leuven Wijgmaal,1
Leuven Wilsele,7
Leuze,1
Leuze-En-Hainaut,20
Leuze-en-Hainaut,6
Leuze-en-Hainaut Pipaix,2
Leval-Trahegnies,3
Leval-trahegnies,3
Liberchies,4
Libin,12
Libin Redu,1
Libramont,2
Libramont-Chevigny,30
Libramont-Chevigny -Presseux,1
Libramont-Chevigny Recogne,1
"Libramont-Chevigny, Neuvillers",1
Lichtaart,11
Lichtervelde,15
Liedekerke,75
Liege,146
Liege (Bressoux),1
Liege (vottem),1
Liege 1,10
Liege 2,2
Liege Bressoux,1
Liege Grivegnée,3
Lier,225
Lier Koningshooikt,4
Lierde,21
Lierneux,10
Liers,8
Liers (Herstal),1
Lievegem,42
Liezele,1
Ligne,2
Ligney,1
Lille,41
Lille Gierle,2
Lillois,2
Lillois-Witterzee,1
Lillois-Witterzée,5
Limal,9
Limbourg,9
Limelette,7
Lincent,6
Lincent Pellaines,1
Linden,6
Linkebeek,25
Linkeroever,16
Linkeroever (Antwerpen),2
Linsmeau,1
Lint,23
Linter,18
Lissewege,7
Liège,501
Liège (4000),1
Liège (4020),2
Liège (Barbou),2
Liège (Campine),1
Liège (Vennes),1
Liège 1,2
Liège 2,15
Liège Angleur,6
Liège Bressoux,9
Liège Chênée,12
Liège Glain,1
Liège Grivegnée,17
Liège Jupille-Sur-Meuse,1
Liège Jupillesur-Meuse,12
Liège Rocourt,1
Liège Wandre,6
Liège outremeuse,1
Lo,3
Lo-Reninge,9
Lobbes,6
Lobbes Sars-la-Buissière,1
Lochristi,42
Lodelinsart,20
Loenhout,4
Lokeren,82
Loksbergen,1
Lombardsijde,9
Lombise,1
Lommel,73
Loncin,5
Londerzeel,62
Londerzeel Malderen,4
Longchamps,2
Longlier,1
Lontzen,5
Loppem,13
Lot,3
Lotenhulle,3
Loupoigne,2
Louvain,1
Louvain-La-Neuve,30
Louvain-la Neuve,1
Louvain-la-Neuve,1
Louveigné,3
Lovendegem,2
Lovenjoel,1
Loverval,3
Lubbeek,27
Lubbeek Binkom,3
Lubbeek Linden,2
Luik,2
Luingne,10
Lummen,31
Lustin,1
Luttre,1
LÉGLISE,4
Léglise,1
Léglise Assenois,1
MAARKEDAL (NUKERKE),1
MAFFLE,1
MAGOSTER,1
MAISIÈRES,1
MALDEREN,1
MALMEDY,2
MALONNE,5
MANAGE,2
MARBAIS,8
MARCHE-EN-FAMENNE,5
MARCHE-LEZ-ECAUSSINNES,1
MARCHIN,3
MARCINELLE,1
MARIA TER HEIDE,1
MARIAKERKE,2
MARIEKERKE,2
MARIEMBOURG,4
MARILLES,1
MARKE,2
MARLOIE,1
MAURAGE,3
MAZENZELE,3
MAZÉE,1
MECHELEN,26
MECHELEN-BOVELINGEN,2
MEERBEEK,3
MEERDONK,2
MEERHOUT,2
MEISE,1
MEIX-DEVANT-VIRTON,1
MELDERT,1
MELIN,1
MELLE,1
MEMBRE-SUR-SEMOIS,1
MENEN,2
MERBES-LE-CHÂTEAU,1
MERCHTEM,3
MERELBEKE,1
MERKSEM,11
MESLIN-L'ÉVÊQUE,2
MESSANCY,7
MEULEBEKE,1
MEUX,1
MIDDELKERKE,48
MIGNAULT,1
MILMORT,2
MOERBEKE,9
MOESKROEN,3
MOHA,1
MOIGNELÉE,1
MOL,23
MOLENBEEK,1
MOLENBEEK-SAINT-JEAN,74
MOMALLE,2
MOMIGNIES,3
MONCEAU-EN-ARDENNE,1
MONS,5
MONS-LEZ-LIÈGE,5
MONT-SAINT-ANDRE,1
MONT-SAINT-AUBERT,1
MONT-SAINT-GUIBERT,20
MONT-SAINTE-ALDEGONDE,3
MONT-SUR-MARCHIENNE,1
MONTEGNEE,1
MONTEGNÉE,17
MONTENAKEN,1
MONTIGNIES-SUR-ROC,2
MONTIGNY-LE-TILLEUL,1
MONTZEN,5
MONVILLE,1
MOORSEL,3
MOORSELE,1
MOORSLEDE,1
MOREGEM,1
MORIALMÉ,2
MORLANWELZ-MARIEMONT,7
MORNIMONT,1
MORNIMONT (Jemeppe-sur-Sambre),1
MORTROUX,1
MORTSEL,25
MOUSCRON,1
MOUSTIER,9
MOUSTIER-SUR-SAMBRE,3
MOUSTY,2
MOZET,1
MUNSTERBILZEN,2
MUSSON,8
Maarke-Kerkem,2
Maarkedal,15
Maarkedal Schorisse,1
Maaseik,16
Maasmechelen,21
Machelen,40
Machelen (1830),3
Machelen (9870),4
Machelen (O.-Vl.),1
Machelen (vlaams-brabant),1
Machelen Diegem,9
Macon,3
Macquenoise,4
Maffle,2
Magnee,1
Mainvault,1
Maisières,4
Maissin,1
Maldegem,80
Malderen,7
Malines,1
Malle,33
Malle Oostmalle,9
Malle Westmalle,3
Malmedy,27
Malonne,3
Manage,38
Manage - Bois-d'Haine,1
Manage Faytlez-Manage,1
Manage La Hestre,3
Manage-Bois-d'Haine,1
Mande-Saint-Etienne (Bertogne),1
Manhay,4
Maransart,2
Marbais,1
Marbaix,1
Marche- en-Famenne,1
Marche-en-Famenne,67
Marche-en-Famenne ( Marloie ),1
Marche-en-Famenne Hargimont,1
Marche-en-Famenne On,2
"Marche-en-Famenne, Aye",1
"Marche-en-Famenne, Marloie",1
"Marche-en-Famenne, On",2
Marche-les-Dames,1
Marche-lez-Ecaussinnes,1
Marchienne Au Pont,1
Marchienne-Au-Pont,1
Marchienne-au-Pont,46
Marchienne-au-Pont ( limite Jumet ),1
Marchin,14
Marcinelle,59
Marcourt,2
Mariakerke,14
Mariembourg,8
Marke,23
Marke (Kortrijk),2
Markegem,1
Marloie,1
Marquain,1
Martelange,5
Masnuy-St-Jean,1
Massemen,2
Maubray,3
Maurage,1
Mazee,1
Mazy,1
Mechelen,274
Mechelen ,1
Mechelen Heffen,3
Mechelen Leest,1
Mechelen Muizen,1
Meeffe,2
Meer,2
Meerbeek,1
Meerbeke,8
Meerdonk,2
Meerhout,42
Meerhout (Meerhout),1
Meerle,3
Meerle (Hoogstraten),2
Meetkerke,1
Meeuwen-Gruitrode,1
Meise,51
Meise Wolvertem,3
Meix-devant-Virton,4
Meixdevant-Virton Gérouville,1
Meldert,2
Meldert (9310),2
Melen,2
Melle,21
Mellet,1
Melsbroek,1
Melsele,8
Melsen,1
Menen,82
Menen Lauwe,2
Menen Rekkem,1
Merbes-Sainte-Marie,3
Merbes-le-Chateau,5
Merbes-le-Château,1
Merchtem,88
Merchtem - Brussegem,1
Merdorp,1
Mere,1
Merelbeke,84
Merendree,3
Merkem,1
Merksem,192
Merksem (Antwerpen),15
Merksem Antwerpen,1
Merksplas,24
Mesen,6
Meslin-l'Evêque,1
Mesnil-Saint-Blaise,3
Messancy,13
Messancy Wolkrange,2
Messelbroek,2
Mesvin,1
Mettet,15
Meulebeke,45
Meysse,1
Micheroux,1
Middelburg,2
Middelkerke,187
Middelkerke Westende,2
Middelkerke-Bad (Middelkerke),1
Milmort,5
Minderhout,6
Miécret,1
Modave,12
Moen,2
Moerbeke,10
Moerbeke-Waas,8
Moerkerke,12
Moerzeke,3
Moeskroen,4
Mol,138
Mol (Mol),1
Molenbaix,3
Molenbeek St Jean,1
Molenbeek saint-jean,1
Molenbeek-Saint-Jean,321
Molenbeek-Sint-Jan,2
Molenbeek-St-Jean,9
Molenbeek-saint-jean,6
Molenstede,3
Mollem,2
Momignies,10
Monceau Sur Sambre,2
Monceau-sur-Sambre,24
Mons,156
Mons Ciply,1
Mons Cuesmes,7
Mons Flénu,2
Mons Ghlin,5
Mons Harmignies,5
Mons Havré,3
Mons Hyon,1
Mons Jemappes,5
Mons Nimy,3
Mons Obourg,1
"Mons Obourg,Saint-Denis",1
"Mons Obourg,Saint-Denis, Obourg",1
Mont,2
Mont-Godinne,1
Mont-Saint-André,1
Mont-Saint-Guibert,15
Mont-Sur-Marchienne,1
Mont-de-l'Enclus,10
Mont-sur-Marchienne,38
Montegnée,2
Montenaken,2
Montignies sur Sambre,1
Montignies-Saint-Christophe,1
Montignies-sur-Sambre,40
Montigny-le-Tilleul,20
Montigny-le-Tilleul-Landelies,1
Montroeul-Sur-Haine,1
Montroeul-au-Bois,1
Montroeul-sur-Haine,1
Montzen,1
Moorsel,8
Moorsele,10
Moorslede,7
Moortsele,1
Moresnet-Chapelle,2
Morialmé,2
Morkhoven,1
Morkhoven (Herentals),1
Morlanwelz,39
Morlanwelz Carnières,4
Morlanwelz Mont-Sainte-Aldegonde,2
Morlanwelz-Carnières,1
Mortier,1
Mortroux,1
Mortsel,114
Mortsel (Mortsel),1
Morville,2
Moulbaix,1
Mourcourt,1
Mouscron,233
Mouscron Dottignies,2
Mouscron Herseaux,1
Moustier,1
Mozet,1
Muizen,7
Mullem,3
Munkzwalm (Zwalm),1
Munte,1
Musson,13
Mussy-la-Ville,1
MÉLIN,3
MÉRY,2
Mélin,2
NADRIN,5
NALINNES,3
NAMUR,27
NANDRIN,4
NANINNE,2
NAZARETH,2
NEDER-OVER-HEEMBEEK (BRU.),6
NEDEROKKERZEEL,1
NEERHEYLISSEM,4
NEEROETEREN,3
NEERPELT,1
NESSONVAUX,1
NETHEN,2
NEUFCHÂTEAU,1
NEUPRÉ,3
NEUVILLE,1
NEUVILLE-EN-CONDROZ,2
NEVELE,2
NIEUWENRODE,1
NIEUWERKERKEN,1
NIEUWKERKEN-WAAS,3
NIEUWPOORT,1
NIJLEN,4
NIL-SAINT-VINCENT-SAINT-MARTIN,7
NIMY,5
NIMY (MONS),1
NINOVE,4
NIVELLES,5
NODEBAIS,1
NODUWEZ,1
NOIRCHAIN,1
NOISEUX,3
NOORDERWIJK,4
NOSSEGEM,1
NOVILLE,1
NY,1
Naast,2
Nafraiture,1
Nalinnes,2
Namur,192
Namur Belgrade,1
Namur Bouge,3
Namur Champion,1
Namur Cognelée,2
Namur Flawinne,1
Namur Malonne,1
Namur Saint-Servais,2
Namêche,2
Nandrin,13
Nassogne,8
Nazareth,23
Nazareth Eke,1
Neder-Over-Heembeeck,1
Neder-Over-Heembeek,1
Neder-Over-Hembeek,1
Neder-over-Heembeek,26
Nederename,1
Nederhasselt,3
Nederokkerzeel,4
Neerglabbeek,1
Neerheylissem,1
Neeroeteren,3
Neerpelt,1
Nessonvaux,2
Nethen,1
Nettinne,2
Neufchateau,13
Neufchateau (Lg.),1
Neufchateau-Longlier,1
Neufchâteau,15
Neufchâteau Hamipré,1
Neufchâteau Longlier,1
Neufmaison,5
Neufvilles,9
Neupre,9
Neupré,27
Neupré Neuville-en-Condroz,2
Neupré Plainevaux,1
Neuville,2
Neuville-en-Condroz,3
Neuvillers (Libramont-Chevigny),1
Nevele,3
Nevele (Deinze),1
Newport,1
Niel,43
Nieuport,1
Nieuwenhove,1
Nieuwenrode,4
Nieuwerkerken,7
Nieuwerkerken (3850),2
Nieuwerkerken (9320),3
Nieuwerkerken Kozen,2
Nieuwkapelle,1
Nieuwkerke,1
Nieuwkerken-Waas,2
Nieuwpoort,213
Nieuwrode,2
Nijlen,42
Nijlen Bevel,1
Nijlen Kessel,1
Nimy,4
Ninove,110
Ninove Appelterre-Eichem,1
Ninove Aspelare,1
Ninove Meerbeke,2
Ninove Neigem,1
Ninove Pollare,1
Ninove Voorde,2
Nismes,5
Nivelles,177
Nivelles Baulers,1
Nodebais,2
Noduwez,1
Noirefontaine,1
Noiseux,1
Nokere,1
Noorderwijk,8
Nord (Bruxelles),1
Nord-Est (Bruxelles),5
Nossegem,1
Nossegem ,1
Noville-sur-Méhaigne,1
Nukerke,1
NÉCHIN,1
Néchin,8
Nîves (Vaux-sur-Sûre),1
OBOURG,1
OCHAMPS,2
OCQUIER,1
ODRIMONT,1
OEDELEM,1
OELEGEM,2
OESELGEM,1
OETINGEN,1
OHAIN,4
OHEY,11
OIGNIES-EN-THIÉRACHE,1
OLEN,1
OLLIGNIES,1
OLLOY-SUR-VIROIN,1
OLMEN,1
OMBRET-RAWSA,1
ONKERZELE,1
ONNEZIES,1
ONZE-LIEVE-VROUW-OLEN,1
ONZE-LIEVE-VROUW-WAVER,4
OOIGEM,1
OOSTAKKER,4
OOSTDUINKERKE,6
OOSTDUINKERKE-BAD,1
OOSTENDE,4
OOSTMALLE,3
OOSTWINKEL,1
OPGLABBEEK,2
OPHEYLISSEM,1
OPHOVEN,1
OPONT,1
OPPUURS,2
OPWIJK,12
ORBAIS,2
ORMEIGNIES,1
ORP-LE-GRAND,6
ORROIR,2
ORTHO,1
OTEPPE,1
OTHÉE,1
OTTIGNIES (CEROUX-MOUSTY),1
OTTIGNIES-LOUVAIN-LA-NEUVE,2
OUD-HEVERLEE,3
OUD-TURNHOUT,1
OUDEGEM,4
OUDENAARDE,5
OUDENAKEN,1
OUDERGEM,1
OUGREE,2
OUPEYE,1
OVERBOELARE,4
OVERIJSE,1
OVERPELT,1
Obourg,4
Ocquier,3
Odeigne,1
Oedelem,12
Oekene,3
Oelegem,4
Oeren,1
Oeselgem,1
Oetingen,1
Oevel,1
Ohain,5
Ohey,11
Oignies,1
Oignies-en-Thierache,1
Olen,49
Oleye,1
Olloy-sur-Viroin,2
Olmen,4
Olne,3
Olsene,1
On,3
Onhaye,1
Onkerzele,1
Onze-Lieve-Vrouw-Lombeek,1
Onze-Lieve-Vrouw-Waver,8
Onze-Lieve-Vrouwe-Waver,1
Ooigem,14
Ooike,1
Oorbeek,1
Oordegem,5
Oost-Vleteren,1
Oostakker,30
Oostduinkerke,72
Oostduinkerke (Koksijde),1
Oosteeklo,4
Oostende,579
Oosterzele,27
Oostham,2
Oostkamp,41
Oostkamp Waardamme,1
Oostmalle,2
Oostnieuwkerke,2
Oostrozebeke,34
Opglabbeek,4
Ophain-Bois-Seigneur-Isaac,4
Ophasselt,3
Oplinter,1
Opoeteren,2
Opont,1
Oppuurs,3
Opvelp,4
Opwijk,90
Opwijk Mazenzele,2
Orchimont,1
Orcq,3
Oreye,13
Orp-Jauche,40
Orp-le-Grand,6
Orp-le-grand,5
Orroir,1
Orsmaal,1
Ortho,1
Ostend,1
Ostende,2
Otegem,5
Oteppe,3
Otrange,1
Ottignies,24
Ottignies (Céroux-Mousty),1
Ottignies-Louvain-la-Neuve,32
Ottignies-Louvain-la-Neuve Louvain-la-Neuve,4
Ottignies-Louvain-la-Neuve Ottignies,7
Ottignies-louvain-la-neuve,1
Oud-Heverlee,18
Oud-Heverlee Haasrode,3
Oud-Turnhout,101
Oud-Turnhout (Oud-Turnhout),8
Oudegem,5
Oudenaarde,180
Oudenburg,42
Oudergem,9
Oudsbergen,9
Ouffet,6
Ougree,1
Ougrée,16
Oupeye,44
Oupeye (Centre),1
Outer,4
Outgaarden,2
Outrijve,11
Ouwegem,2
Overboelare,2
Overijse,69
Overmere,6
Overpelt,5
PATURAGES,11
PEPINSTER,1
PERK,1
PERWEZ,1
PETEGEM-AAN-DE-LEIE,6
PETIGNY,1
PETIT-ENGHIEN,2
PETIT-HAN,1
PETIT-ROEULX-LEZ-NIVELLES,3
PETIT-THIER,1
PETITE SOMME,1
PETITE-CHAPELLE,1
PEUTIE,2
PHILIPPEVILLE,1
PIETON,5
PIN,1
PIRONCHAMPS,2
PIÉTRAIN,1
PIÉTREBAIS,4
PLANCENOIT,1
POEDERLEE,2
PONDROME,1
PONT-DE-LOUP,4
PONT-À-CELLES,1
PONTAURY,2
PONTILLAS,1
PONTISSE,1
POPERINGE,2
POUCET,1
POUPEHAN,2
PRESLES,2
PROFONDEVILLE,1
PULLE,4
PUTTE,3
PUURS,5
PUURS-SINT-AMANDS,10
Paal,8
Paliseul,28
Paliseul Maissin,3
Paliseul Opont,1
Pamel,2
Papignies,3
Parike,2
Passendale,2
Paturages,1
Pecq,13
Pecq Hérinneslez-Pecq,1
Peer,19
Pellenberg,3
Pellenberg (Lubbeek),1
Pelt,46
Pentagone (Bruxelles),9
Pepingen,14
Pepingen Heikruis,2
Pepinster,19
Pepinster Cornesse,3
Pepinster Wegnez,1
Perk,1
Peruwelz,15
Pervijze,1
Perwez,48
Pesche,1
Petegem-aan-de-Leie,2
Petit-Enghien,5
Petit-Thier,1
Petit-rechain,2
Philippeville,3
Philippeville (Romedenne),1
Philippeville Surice,1
Philippeville Villersle-Gambon,1
Pipaix,3
Pironchamps,3
Pittem,6
Piétrain,4
Piétrebais,1
Plainevaux,7
Ploegsteert,2
Plombieres,1
Plombières,1
Plombières Gemmenich,4
Plombières Moresnet,1
Poederlee,4
Poederlee ,1
Pollare,2
Polleur (Verviers),1
Pont,1
Pont à Celles,5
Pont-a-Celles,5
Pont-à-Celles,31
Pont-à-Celles Luttre,2
Pont-à-Celles Obaix,1
Pont-à-Celles Viesville,1
Poperinge,37
Poppel,12
Populierendal (Grimbergen),1
Poulseur,3
Poulseur (Comblain-au-Pont),1
Poupehan,1
Pousset,1
Presgaux,1
Presles,4
Prez La Cerleau France,1
Profondeville,14
Profondeville Lesve,2
Profondeville Rivière,1
Proven,2
Province du Limbourg,1
Pulderbos,6
Pulle,7
Purnode,1
Pussemange,1
Putte,48
Putte Beerzel,4
Puurs,9
Puurs (Puurs),3
Puurs (Puurs-Sint-Amands),1
Puurs Breendonk,1
Puurs Ruisbroek,2
Puurs Sint-Amands,2
Puurs-Sint-Amands,33
PÂTURAGES,1
PÉRONNES,2
PÉRONNES-LEZ-BINCHE,4
PÉRUWELZ,6
Pàruwelz,1
Pâturages,1
Péronnes-lez-Antoing,2
Péronnes-lez-Binche,1
Péruwelz,32
Péruwelz Bon-Secours,4
Péruwelz Roucourt,1
Péruwelz Wiers,1
QUAREGNON,2
QUENAST,1
QUEVAUCAMPS,2
QUIÉVRAIN,17
QUÉVY,1
Quaregnon,48
Quaregnon Wasmuel,1
Quenast,2
Queue-du-Bois,3
Quevaucamps,1
Quevy,2
Quievrain,6
Quievrechain,1
Quiàvrain,1
Quiévrain,18
Quiévrain Baisieux,1
Quévy,2
Quévy Aulnois,1
Quévy Havay,1
RACHECOURT,1
RACOUR,1
RAMEGNIES,1
RAMILLIES-OFFUS,2
RAMIOUL,1
RANST,4
REBAIX,1
REBECQ,9
REET,1
RELEGEM,2
REMICOURT,2
REMOUCHAMPS,1
RENDEUX,2
RETIE,1
RHISNES,9
RHODE ST GENESE,1
RHODE-SAINT-GENESE,6
RHODE-SAINT-GENÈSE,9
RIJMENAM,2
RILLAAR,1
RIVIERE,1
RIXENSART,3
ROCHEHAUT,2
ROCOURT,7
ROISIN,6
ROLY,1
RONSE,9
ROSOUX-CRENWICK,1
ROUX-MIROIR,1
RUDDERVOORDE,1
RUIEN,1
RUISBROEK,1
RUKKELINGEN-LOON,1
RUMST,2
RUPELMONDE,2
Rabozée,1
Racour,1
Raeren,6
Ragnies,1
Ramegnies-Chin,1
Ramillies,15
Ramillies Autre-Eglise,1
Ramillies Huppaye,2
Ramsel,11
Ramsel (Herselt),1
Rance,4
Ransart,12
Ranst,35
Ranst Broechem,9
Ranst Emblem,3
Ranst Oelegem,4
Ravels,26
Ravels (Weelde),2
Ravels Poppel,16
Ravels Weelde,9
Rebaix,1
Rebecq,25
Rebecq Bierghes,2
Rebecq Quenast,3
Rebecq-Rognon,9
Recogne,1
Reet,8
Rekem,4
Rekkem,15
Rekken,1
Remicourt,11
Remicourt Pousset,1
Renaix,1
Rendeux,11
Rendeux-Bas,1
Reningelst,1
Ressaix,1
Resteigne,2
Retie,29
Retinne,6
Retranchement,1
Rhisnes,1
Rhode-Saint-Genese,20
Rhode-Saint-Genèse,30
Rhode-St-Genèse,4
Richelle,7
Rieme,1
Riemst,14
Riemst Vlijtingen,1
Riezes,1
Rijkevorsel,41
Rijkevorsel (Rijkevorsel),1
Rijmenam,2
Riksingen,1
Rillaar,2
Rixensart,76
Rixensart Genval,5
Rièzes,1
Robechies,1
Robertville,3
Rochefort,38
Rochefort Wavreille,1
"Rochefort, Eprave",1
"Rochefort, Han-sur-Lesse",1
"Rochefort, Jemelle",2
"Rochefort, Wavreille",1
Roclenge-sur-Geer,1
Rocourt,11
Roesbrugge- Haringe,2
Roesbrugge-Haringe,5
Roeselare,235
Rogery (Gouvy),1
Roisin,3
Rollegem,5
Romsee,1
Romsée,4
Rongy,2
Ronse,275
Roosdaal,57
Roosdaal (Borchtlombeek),1
Roosdaal Borchtlombeek,1
Roosdaal Pamel,2
Roosdael,1
Rosières,6
Rossignol,1
Rossignol (Tintigny),1
Rotselaar,28
Rotselaar Werchter,2
Roucourt,3
Rouvroy Dampicourt,1
Roux,30
Ruddervoorde,13
Ruette,2
Ruien,3
Ruien (Kluisbergen),3
Ruisbroek,12
Ruisbroek (1601),2
Ruisbroek (2870),1
Ruisbroek (Bt.),1
Ruiselede,9
Rulles,1
Rumbeke,15
Rumes,4
Rumes La Glanerie,1
Rumes Taintignies,1
Rumillies,4
Rummen,3
Rumst,25
Rumst Reet,1
Rupelmonde,6
Russeignies,1
RÈVES,1
Rêves,1
SAINT-AMAND,2
SAINT-AUBIN,1
SAINT-GEORGES-SUR-MEUSE,10
SAINT-GHISLAIN,6
SAINT-GILLES,23
SAINT-GÉRARD,3
SAINT-HUBERT,4
SAINT-JEAN-GEEST,3
SAINT-JOSSE-TEN-NOODE,16
SAINT-LÉGER,4
SAINT-MARC,1
SAINT-MARD,2
SAINT-NICOLAS,5
SAINT-REMY,2
SAINT-REMY-GEEST,1
SAINT-SAUVEUR,2
SAINT-SERVAIS,5
SAINT-SYMPHORIEN,1
SAINT-VAAST,2
SAINT-VINCENT,1
SAINTES,3
SAIVE,2
SAMBREVILLE,1
SART D'AVRIL,1
SART-BERNARD,2
SART-DAMES-AVELINES,1
SART-LEZ-SPA,2
SART-TILMAN,1
SCHAARBEEK,6
SCHAERBEEK,75
SCHAFFEN,1
SCHELLE,2
SCHENDELBEKE,2
SCHEPDAAL,1
SCHERPENHEUVEL,1
SCHERPENHEUVEL-ZICHEM,4
SCHOCKVILLE,1
SCHOOT,1
SCHOTEN,3
SCLAYN,2
SEILLES,7
SELANGE,1
SEPTON,1
SERAING,31
SIBRET,2
SILLY,1
SINAAI,2
SINT-AGATHA-BERCHEM,8
SINT-AGATHA-RODE,1
SINT-AMANDS,1
SINT-AMANDSBERG,14
SINT-ANDRIES,1
SINT-ANTONIUS,3
SINT-DENIJS-WESTREM,6
SINT-ELOOIS-VIJVE,2
SINT-GENESIUS-RODE,9
SINT-GILLIS-BIJ-DENDERMONDE,2
SINT-GILLIS-DENDERMONDE,6
SINT-GILLIS-WAAS,10
SINT-JANS-MOLENBEEK,15
SINT-JOB-IN-'T-GOOR,1
SINT-JOOST-TEN-NODE,4
SINT-JORIS-WEERT,4
SINT-KATELIJNE-WAVER,19
SINT-KATHERINA-LOMBEEK,4
SINT-KRUIS,4
SINT-KWINTENS-LENNIK,3
SINT-LAMBRECHTS-WOLUWE,7
SINT-LENAARTS,7
SINT-MARIA-HOREBEKE,2
SINT-MARIA-LATEM,1
SINT-MARTENS-LATEM,3
SINT-MARTENS-LENNIK,4
SINT-MICHIELS,1
SINT-NIKLAAS,50
SINT-PAUWELS,3
SINT-PIETERS-KAPELLE,1
SINT-PIETERS-LEEUW,15
SINT-STEVENS-WOLUWE,3
SINT-TRUIDEN,45
SINT-ULRIKS-KAPELLE,1
SIRAULT,1
SLEIDINGE,1
SLINS,1
SLUSE,1
SOIGNIES,1
SOLRE-SUR-SAMBRE,3
SOMBREFFE,1
SOMME-LEUZE,5
SORINNES,1
SOSOYE,1
SOUGNE-REMOUCHAMPS,1
SOUGNÉ-REMOUCHAMPS,2
SOUMOY,1
SOY,3
SPA,9
SPIERE,4
SPRIMONT-DOLEMBREUX,1
SPY,2
STALHILLE,3
STAMBRUGES,4
STAVELOT,2
STEENDORP,4
STEENHUFFEL,1
STEENOKKERZEEL,1
STEKENE,4
STEMBERT,3
STREPY-BRACQUEGNIES,4
STROMBEEK-BEVER,1
STRÉPY-BRACQUEGNIES,4
SUARLÉE,1
SUGNY,1
SY,3
Saint Gilles,1
Saint Idesbald,1
Saint Josse,2
Saint Nicolas,3
Saint Servais,1
Saint Vaast,1
Saint-Denis-Bovesse,1
Saint-Georges-Sur-Meuse,1
Saint-Georges-sur-Meuse,15
Saint-Ghislain,14
Saint-Ghislain Baudour,1
Saint-Ghislain Neufmaison,4
Saint-Ghislain Sirault,1
Saint-Ghislain Tertre,3
Saint-Gilles,172
Saint-Gilles - Sint-Gillis,2
Saint-Géry,1
Saint-Hubert,9
"Saint-Hubert, Awenne",2
Saint-Josse,2
Saint-Josse-Ten-Noode,1
Saint-Josse-ten-Noode,60
Saint-Leger,2
Saint-Léger,2
Saint-Marc,1
Saint-Mard (Virton),1
Saint-Nicolas,64
Saint-Nicolas (Lg.),1
Saint-Nicolas Montegnée,1
Saint-Nicolas Tilleur,2
Saint-Sauveur,1
Saint-Servais,8
Saint-Servais (Namur),1
Saint-Servais (limite vedrin et Namur),1
Saint-Servais Namur,1
Saint-Symphorien,3
Saint-Vith,3
Saint-ghislain,2
Saint-hubert,1
Saint-josse-ten-noode,2
Sainte ,1
Sainte-Ode,3
Saintes,3
Saive,2
Salle (Bertogne),1
Salles,1
Sambreville,19
Sambreville Arsimont,1
Sambreville Auvelais,1
Sambreville Falisolle,1
Sambreville Tamines,3
Sambreville Velaine,1
Samrée,1
Sars-la-Buissière,1
Sart (-lez-spa),1
Sart-Dames-Avelines,1
Sart-Eustache,1
Sart-Saint-Laurent,1
Sart-St-Laurent,2
Sart-dames-avelines,1
Schaarbeek,16
Schaerbeek,468
Schaerbeek - Schaarbeek,1
Scheldewindeke,7
Schelle,22
Schellebelle,5
Schendelbeke,3
Schepdaal,3
Scherpenheuvel,22
Scherpenheuvel-Zichem,18
Scherpenheuvel-Zichem Testelt,13
Scherpenheuvel-Zichem Zichem,1
Schilde,143
Schilde 's Gravenwezel,9
Schoonaarde,1
Schorisse,4
Schoten,121
Schoten (Schoten),1
Schriek,10
Schuiferskapelle,1
Sclayn,1
Seilles,1
Selange,1
Seloignes,2
Semmerzake,1
Seneffe,19
Seneffe Arquennes,3
Seneffe Petit-Roeulxlez-Nivelles,1
Sensenruth,1
Senzeille,1
Seraing,254
Seraing (Jemeppe),1
Seraing Boncelles,8
Seraing Jemeppe sur-Meuse,1
Seraing Jemeppe-sur-Meuse,3
Seraing Jemeppesur-Meuse,6
Seraing Ougrée,12
Serskamp,1
Sevry,1
Sibret,2
Sijsele,16
Silenrieux,5
Silly,13
Silly Bassilly,1
Silly Hoves,1
Sinaai (Sint-Niklaas),1
Sinaai-Waas,1
Sinsin,1
Sint Denijs Westrem,1
Sint Genesius Rode,1
Sint Job,1
Sint Job in t' Goor,1
Sint-Agata-Berchem,1
Sint-Agatha-Berchem,20
Sint-Amands,6
Sint-Amands (Puurs-Sint-Amands),2
Sint-Amands Oppuurs,1
Sint-Amandsberg,33
Sint-Andries,25
Sint-Antelinks,2
Sint-Baafs-Vijve,2
Sint-Blasius-Boekel,1
Sint-Denijs,3
Sint-Denijs-Boekel,1
Sint-Denijs-Westrem,41
Sint-Denijs-Westrem (Gent),1
Sint-Eloois-Vijve,11
Sint-Eloois-Winkel,3
Sint-Genesius-Rode,23
Sint-Gillis,8
Sint-Gillis-Bij-Dendermonde,1
Sint-Gillis-Dendermonde,2
Sint-Gillis-Waas,23
Sint-Gillis-Waas Meerdonk,1
Sint-Idesbald,40
Sint-Idesbald (Koksijde),2
Sint-Jan-in-Eremo,1
Sint-Jans-Molenbeek,48
Sint-Job-In't-Goor,1
Sint-Job-In-'t-Goor,3
Sint-Job-in-'t-Goor,5
Sint-Joost-ten-Node,8
Sint-Joris,1
Sint-Joris (8730),1
Sint-Joris-Weert (Oud-Heverlee),1
Sint-Katelijne-Waver,16
Sint-Katelijne-Waver Onze-Lieve-Vrouw-Waver,2
Sint-Kruis,28
Sint-Kruis-Winkel,2
Sint-Kwintens-Lennik,1
Sint-Lambrechts-Woluwe,16
Sint-Laureins,10
Sint-Laureins-Berchem,1
Sint-Lenaarts,3
Sint-Lievens-Houtem,17
Sint-Lievens-Houtem Vlierzele,1
Sint-Maria-Horebeke,1
Sint-Maria-Lierde,1
Sint-Martens-Bodegem,1
Sint-Martens-Latem,21
Sint-Martens-Latem Deurle,1
Sint-Martens-Lennik,2
Sint-Michiels,21
Sint-Michiels (Brugge),1
Sint-Niklaas,159
Sint-Niklaas Belsele,4
Sint-Pauwels,1
Sint-Pieters-Leeuw,99
Sint-Pieters-Leeuw Ruisbroek,2
Sint-Pieters-Leeuw Vlezenbeek,1
Sint-Pieters-Woluwe,11
Sint-Stevens-Woluwe,8
Sint-Truiden,80
Sint-Ulriks-Kapelle,2
Sint-amandsberg,3
Sint-eloois-Winkel,1
Sint-genesius-rode,1
Sint-idesbald,1
Sint-stevens-woluwe,1
Sippenaeken,2
Sirault,1
Sivry,6
Sivry-Rance,1
Sivry-Rance Grandrieu,1
Sivry-Rance Rance,1
Sivry-rance,4
Sleidinge,27
Slijpe,1
Sluis,1
Smeerebbe-Vloerzegem,1
Smeerebbe-vloerzegem,1
Smetlede,3
Sohier,1
Soignies,74
Soignies Neufvilles,3
Soiron,1
Solre-sur-Sambre,5
Solre-sur-sambre,1
Sombreffe,10
Somme-Leuze,16
Somme-Leuze Heure,1
Sommethonne,1
Somzee,1
Sorinnes,1
Sougné-Remouchamps,4
Soumagne,29
Soumagne Ayeneux,2
Soumagne Melen,2
Soumagne Micheroux,1
Souvret,4
Soy,1
Spa,39
Spalbeek,1
Spiennes,2
Spiere-Helkijn,8
Spontin,1
Sprimont,26
Sprimont Dolembreux,1
Sprimont Louveigné,3
Sprimont-Louveigné,2
Spy,2
St-Amandsberg,2
St-Andries,2
St-Denijs-Westrem,5
St-Eloois-Vijve,1
St-Genesius-Rode,2
St-Gilles,13
St-Gillis-Waas,1
St-Hubert,1
St-Josse-Ten-Noode,5
St-Katelijne-Waver,1
St-Katherina-Lombeek,1
St-Kruis,6
St-Lambrechts-Woluwe,2
St-Lievens-Houtem,1
St-Mard,12
St-Michiels,2
St-Niklaas,6
St-Pieters-Kapelle,1
St-Pieters-Leeuw,3
St-Pieters-Woluwe,2
St-Servais,4
St-Stevens-Woluwe,4
St-Truiden,1
Stabroek,30
Stabroek Hoevenen,2
Staden,9
Stambruges,1
Stavelot,22
Ste-Marie-sur-Semois,1
Ste-Ode,1
Steendorp,4
Steenhuize-Wijnhuize,1
Steenokkerzeel,28
Steenokkerzeel Melsbroek,2
Stekene,42
Stembert,10
Sterrebeek,14
Stevoort,1
Stockem,1
Stoumont,4
Strainchamps (Fauvillers),1
Strijpen,7
Strombeek,1
Strombeek-Bever,37
Strée,3
Strépy-Bracquegnies,1
Strépy-bracquegnies,1
Suarlée,1
Surice,1
Suxy (Chiny),1
TAMINES,9
TEMPLEUVE,3
TEMPLOUX,1
TENNEVILLE,1
TERALFENE,1
TERHAGEN,2
TERNAT,3
TERTRE,1
THEUX,1
THIEUSIES,3
THIMISTER-CLERMONT,1
THISNES,1
THON,1
THOREMBAIS-SAINT-TROND,2
THUIN,2
THULIN,4
THY-LE-CHÂTEAU,1
TIELEN,8
TIELRODE,1
TIHANGE,1
TILDONK,2
TILFF,5
TILLEUR,2
TISSELT,6
TOHOGNE,2
TOLLEMBEEK,10
TONGRINNE,1
TOURINNES-LA-GROSSE,2
TOURINNES-SAINT-LAMBERT,2
TOURNAI,2
TREIGNES,2
TRIVIERES,1
TRIVIÈRES,2
TROOZ,2
TUBIZE,7
TURNHOUT,11
Tamines,4
Tarcienne,1
Tavier,1
Tavigny,2
Tellin,6
Tellin Resteigne,2
"Tellin, Grupont",1
"Tellin, Resteigne",1
Temse,87
Tenneville,8
Teralfene,1
Terhagen,5
Terhagen (Rumst),2
Ternat,58
Ternat (Sint-Katherina-Lombeek),1
Ternat Sint-Katherina-Lombeek,2
Ternat Wambeek,1
Tertre,6
Tervueren,1
Tervuren,51
Terwagne,1
Tessenderlo,38
Testelt,2
Testelt (Scherpenheuvel-Zichem),1
Teuven,2
Theux,13
Thieulain,3
Thimeon,1
Thimister,2
Thimister-Clermont,7
Thimister-Clermont Clermont,1
Thiméon,3
Thirimont,1
Thorembais-Saint-Trond,1
Thorembais-St-Trond,1
Thorembais-les-Béguines,1
Thuillies,1
Thuin,21
Thuin Leers-et-Fosteau,1
Thulin,1
Thy-le-Chateau,2
Thy-le-Château,2
Thy-le-château,1
Tiegem,4
Tielen,5
Tielrode,2
Tielt,37
Tielt (8700),21
Tielt-Winge,20
Tienen,114
Tienen Kumtich,2
Tienen Oplinter,2
Tihange,1
Tildonk,2
Tilff,5
Tilleur,6
Tilly,2
Tinlot,4
Tintigny,5
Tintigny (Breuvanne),1
Tintigny (Rossignol),1
Tisselt,5
Tohogne (Durbuy),1
Tollembeek,5
Tongeren,47
Tongerlo,2
Tongerlo (2260),1
Tongerlo (Westerlo),1
Torgny,3
Torhout,49
Torre de la Horadada,1
Tourinnes-la-Grosse,1
Tournai,228
Tournai Blandain,3
Tournai Chercq,2
Tournai Ere,1
Tournai Froidmont,1
Tournai Froyennes,2
Tournai Kain,2
Tournai Mont-Saint-Aubert,2
Tournai Orcq,2
Tournai Ramegnies-Chin,1
Tournai Rumillies,1
Tournai Templeuve,5
Tournai Thimougies,2
Tournai Vaulx,1
Tournai Vaulxlez-Tournai,2
Transinne,3
Trazegnies,24
Treignes,3
Tremelo,39
Tremelo Baal,2
Trivieres,1
Trivières,1
Trognée,1
Trois-Ponts,2
Trois-ponts,7
Trooz,26
Trooz Fraipont,1
Tubeke,1
Tubize,164
Tubize Oisquercq,1
Turnhout,373
Turnhout (Turnhout),3
UCCLE,14
UDANGE,1
UKKEL,2
Uccle,710
Uccle - Parc Brugmann,1
Uccle-Forest,1
Ucimont,2
Uikhoven,1
Uitbergen,1
Ukkel,7
Ursel,5
VANCE,1
VARSENARE,4
VAUCELLES,1
VAUDIGNIES,1
VAUX-SOUS-CHÈVREMONT,2
VEDRIN,1
VEERLE,1
VELAINE SUR SAMBRE,1
VELAINE-SUR-SAMBRE,3
VELDEGEM,1
VELTEM-BEISEM,2
VERGNIES,1
VERVIERS,15
VEULEN,1
VEZIN,3
VIANE,1
VICHTE,13
VIELSALM,15
VIERSEL,1
VIERVES-SUR-VIROIN,1
VIESVILLE,1
VIEUX WALEFFE,1
VIEUX-WALEFFE,1
VIEUXVILLE,1
VILLE-EN-HESBAYE,2
VILLEROT,3
VILLERS-AUX-TOURS,1
VILLERS-L'ÉVÊQUE,1
VILLERS-LE-BOUILLET,1
VILLERS-LE-GAMBON,1
VILLERS-LE-TEMPLE,2
VILLERS-NOTRE-DAME,1
VILLERS-PERWIN,2
VILLERS-SAINT-AMAND,2
VILLERS-SAINT-GHISLAIN,1
VILLERS-SUR-LESSE,2
VILVOORDE,3
VILVORDE,1
VINKT,2
VIRGINAL-SAMME,1
VIRTON,3
VISE,1
VITRIVAL,1
VIVEGNIS,1
VIVILLE,2
VLIMMEREN,3
VORSELAAR,1
VORST,1
VOSSELARE,1
VOTTEM,1
VRASENE,4
VROLINGEN,1
VYLE-ET-THAROUL,3
Varsenare,10
Vaulx,3
Vaux-Sur-Sûre,1
Vaux-sous-Chevremont,1
Vaux-sous-Chèvremont,7
Vaux-sur-Sûre,17
Vechmaal,1
Vedrin,3
Veerle,8
Velaine-sur-Sambre,2
Veldegem,4
Velm,1
Veltem-Beisem,1
Veltem-Beisem (Herent),2
Vencimont,1
Vergnies,3
Verlaine,5
Verrebroek,1
Verviers,158
Verviers Ensival,3
Verviers Heusy,7
Verviers Lambermont,2
Verviers Petit-Rechain,3
Verviers Stembert,3
Vesqueville,1
Veurne,39
Vezon,1
Viane,1
Vichte,15
Vielsalm,20
Vielsalm Petit-Thier,1
Viemme,1
Viersel,3
Vierves-sur-Viroin,1
Viesville,1
Vieux-Genappe,2
Ville de Bruxelles,6
Ville-Pommeroeul,2
Ville-sur-Haine (Le Roeulx),1
Villers-L'Evêque,1
Villers-La-Ville,1
Villers-Poterie,2
Villers-Saint-Ghislain,2
Villers-St-Amand,1
Villers-devant-Orval,1
Villers-la-Loue,1
Villers-la-Tour,1
Villers-la-Ville,44
Villers-le-Bouillet,14
Villers-le-Peuplier,1
Villers-sur-lesse,1
Villersla-Ville,1
Villersla-Ville Marbais,1
Villersla-Ville Sart-Dames-Avelines,1
Vilvoorde,202
Vilvoorde Koningslo,3
Vilvoorde Peutie,2
Vilvorde,6
Vinkt,2
Virelles,1
Virginal-Samme,1
Viroinval,8
Virton,32
Virton Saint-Mard,2
Vise,8
Vissenaken,1
Visé,29
Visé (Centre),1
Visé (Devant-le-Pont),1
Vitrival ,1
Vivegnis,6
Vlaams Brabant,1
Vlamertinge,4
Vleteren,5
Vlezenbeek,13
Vlierzele,1
Vlimmeren,4
Vodelée,1
Voeren,1
Vollezele,1
Voormezele,1
Voroux-goreux,1
Voroux-lez-Liers,1
Vorselaar,27
Vorst,6
Vosselaar,51
Vossem,1
Vottem,18
Vrasene,3
Vremde,4
Vremde (Boechout),3
Vresse-sur-Semois,4
Vresse-sur-Semois Bohan,1
Vresse-sur-Semois Membre,1
Vresse-sur-Semois Orchimont,1
Vresse-sur-Semois Pussemange,1
Vroenhoven,1
VÈLAINE,1
WAARLOOS,1
WAARSCHOOT,1
WAASMUNSTER,2
WACHTEBEKE,1
WAHA,1
WAIMES,1
WALHAIN,3
WALHAIN-SAINT-PAUL,6
WANDRE,7
WANFERCEE-BAULET,1
WANFERCÉE-BAULET,1
WANGENIES,4
WANZE,3
WARCOING,1
WAREGEM,2
WAREMME,7
WARQUIGNIES,1
WARZÉE,1
WASMES,10
WASMUEL,2
WATERLOO,4
WATERMAEL-BOITSFORT,2
WATTRIPONT,1
WAULSORT,2
WAUTHIER-BRAINE,4
WAVRE (BIERGES),1
WECHELDERZANDE,3
WEGNEZ,2
WENDUINE,3
WERVIK,1
WESPELAAR,1
WESTENDE,1
WESTENDE-BAD,6
WESTKERKE,1
WESTMALLE,2
WESTMEERBEEK,2
WETTEREN,4
WEVELGEM,3
WEZ-VELVAIN,1
WEZEMBEEK-OPPEM,1
WIDEUMONT VILLAGE,1
WIELSBEKE,2
WIERDE,4
WIEZE,1
WIHERIES,1
WIHOGNE,1
WIHÉRIES,5
WIJCHMAAL,1
WILDEREN,1
WILLEBROEK,13
WILRIJK,26
WINKSELE,1
WISBECQ,1
WITGOOR,2
WOLUWE ST LAMBERT,1
WOLUWE-SAINT-ETIENNE,1
WOLUWE-SAINT-LAMBERT,16
WOLUWE-SAINT-PIERRE,9
WOLUWÉ-SAINT-LAMBERT,14
WOLUWÉ-SAINT-PIERRE,12
WOMMELGEM,3
WUUSTWEZEL,1
Waardamme,5
Waarloos,1
Waarschoot,5
Waasmont,1
Waasmunster,40
Wachtebeke,25
Wagnelée,1
Waha,1
Waillet,1
Waimes,12
Wakken,7
Walcourt,12
Walcourt Tarcienne,3
Walem,1
Walhain,20
Walhain Nil-Saint-Vincent-Saint-Martin,1
Walhain-St-Paul,1
Walshoutem,1
Wambeek,4
Wandre,4
Wanfercée-Baulet,20
Wangenies,4
Wannebecq,1
Wannegem-Lede,1
Wanze,21
Warchin,1
Warcoing,1
Waregem,129
Waregem Beveren,1
Waremme,38
Waret-la-Chaussée,4
Warmifontaine (Neufchâteau),1
Warneton,1
Warsage,1
Warzée,1
Wasmes,3
Wasmuel,2
Wasseiges,6
Wasseiges Ambresin,1
Waterland-Oudeman,1
Waterloo,208
Watermael-Boitsfort,89
Watervliet,3
Watou,6
Waudrez,4
Wauthier Braine,1
Wauthier-Braine,1
Wavre,201
Wavre (Bierges),2
Wavre Bierges,6
Wavre Limal,5
Wayaux,1
Wechelderzande,6
Wechelderzande ,1
Weelde,8
Weerde,1
Wegnez,2
Welden,1
Welkenraedt,19
Welkenraedt Henri-Chapelle,1
Welle,4
Wellen,6
Wellin,13
Wellin Chanly,1
Wellin Lomprez,2
"Wellin, Chanly",1
"Wellin, Halma",1
Wemmel,116
Wenduine,61
Werbomont,1
Werchter,6
Werken,1
Wervik,11
Westende,95
Westerlo,76
Westerlo (Oevel),1
Westerlo (Tongerlo),2
Westerlo (Westerlo),1
Westerlo (Zoerle-Parwijs),1
Westerlo Tongerlo,1
Westkapelle,3
Westkerke,2
Westmalle,2
Westmeerbeek,9
Westmeerbeek (Hulshout),2
Westouter,7
Westrem,3
Westrozebeke,3
Westvleteren,1
Wetteren,104
Wevelgem,58
Wevelgem Gullegem,1
Wez-Velvain,1
Wezemaal,4
Wezembeek-Oppem,49
Wibrin,1
Wichelen,29
Wichelen Schellebelle,2
Wichelen Serskamp,3
Wiekevorst,6
Wielsbeke,32
Wierde,3
Wiers,4
Wieze,5
Wiheries,1
Wihéries,5
Wijgmaal,4
Wijnegem,39
Wijtschate,3
Wilderen,1
Willebroek,104
Willebroek Blaasveld,3
Willebroek Heindonk,1
Willebroek Tisselt,2
Willemeau,1
Wilrijk,119
Wilrijk (Antwerpen),1
"Wilrijk, Antwerpen",1
Wilsele,14
Winenne,1
Wingene,16
Wodecq,3
Woluwe saint pierre,1
Woluwe-Saint-Lambert,269
Woluwe-Saint-Lambert - Montgomery,1
Woluwe-Saint-Lambert - Sint-Lambrechts-Woluwe,3
Woluwe-Saint-Pierre,221
Woluwe-Saint-Pierre - Sint-Pieters-Woluwe,2
Woluwe-St-Lambert,16
Woluwe-St-Pierre,5
Woluwé Saint Pierre,2
Woluwé-Saint-Lambert,4
Woluwé-Saint-Pierre,3
Wolvertem,29
Wolvertem (Imde),1
Wommelgem,98
Wommelgem (Wommelgem),1
Wommersom,1
Wondelgem,31
Wontergem,3
Wortegem,3
Wortegem-Petegem,8
Wortel (Hoogstraten),1
Wulpen,1
Wuustwezel,27
Wuustwezel Loenhout,1
WÉPION,6
Wépion,4
XHENDREMAEL,2
Xhoris,2
YVES-GOMEZEE,1
YVOIR,8
Yves-Gomezee,2
Yves-gomezée,1
Yvoir,20
Yvoir Houx,1
Yvoir Purnode,1
ZANDVLIET,3
ZANDVOORDE,1
ZEGELSEM,1
ZELE,4
ZELZATE,4
ZEVERGEM,1
ZICHEM,3
ZICHEN-ZUSSEN-BOLDER,2
ZINGEM,2
ZOERSEL,2
ZOMERGEM,1
ZOUTE,1
ZOUTLEEUW,1
ZWIJNAARDE,1
ZWIJNDRECHT,1
Zaffelare,6
Zandbergen,1
Zandhoven,32
Zandhoven Pulderbos,1
Zandhoven Pulle,2
Zandvliet,8
Zarren,2
Zarren-Werken,1
Zaventem,105
Zaventem Nossegem,3
Zaventem Sint-Stevens-Woluwe,14
Zaventem Sterrebeek,10
Zedelgem,35
Zeebrugge,55
Zele,38
Zelem,1
Zellik,33
Zelzate,39
Zemst,22
Zemst Elewijt,5
Zemst Hofstade,2
Zepperen,1
Zeveneken,3
Zevergem,1
Zichem,5
Zillebeke,1
Zingem,13
Zittaart,1
Zoerle-Parwijs,2
Zoerle-Parwijs (Westerlo),1
Zoersel,75
Zoersel Halle,1
Zolder,2
Zomergem,3
Zonhoven,33
Zonnebeke,9
Zottegem,104
Zottegem Strijpen,5
Zoutleeuw,29
Zoutleeuw Budingen,1
Zuienkerke,3
Zulte,30
Zussen,1
Zutendaal,8
Zwalm,20
Zwevegem,74
Zwevezele,6
Zwijnaarde,21
Zwijndrecht,67
Zwijndrecht (Zwijndrecht),23
Zwijndrecht Burcht,6
Zétrud-Lumay,1
ans,1
as,1
ath,1
aubange,1
avelgem,1
bastogne,1
bauffe,1
bouwel,1
bruxelles,1
casteau,1
cointe,1
flémalle,1
frasnes-lez-anvaing,1
gages,1
gent,1
gilly,1
halle,2
het Zoute,13
houffalize,1
ixelles,2
jambes,1
knokke,1
l'Ecluse,1
lasne,1
lessines,2
lillois-witerzée,1
liège,1
merksem,1
middelkerke,2
mons lez liege,1
obigies,1
obourg,1
oeudeghien,1
ougree,1
péruwelz,1
rebaix,1
rixensart,1
roosdaal,1
sint-martens-latem,1
waterloo,1
westrem,1
zetrud-Lumay,1
zomergem,1
ÉMINES,1
Écaussinnes,5
Éghezée,6
Érezée,1
àcaussinnes,2
àrezàe,3
